Workbook

Sheet 学生
A1: 线上订单汇总表
A2: 导出时间2026-03-06
A3: 序号 | B3: 订单号 | C3: 学生姓名 | D3: 区 | 校 | 年 | 班 | E3: 家长手机号 | F3: 套餐名称 | G3: 订单金额 | H3: 支付时间 | I3: 收款账户 | J3: 家长备注 | K3: 商户备注
A4: 1 | B4: 1.5302026e+22 | C4: 李语彤 | D4: 英德市 | 大湾镇童心幼儿园 | 小 | B班 | E4: 13418542480 | F4: 2026年春季幼儿园巴氏低温鲜奶套餐（100盒） | G4: 350 | H4: 46087.52 | I4: 0006010F8463511 | 张荣强
A5: 2 | B5: 1.5302026e+22 | C5: 伍健霖 | D5: 英德市 | 大湾镇童心幼儿园 | 大 | C班 | E5: 13415252150 | F5: 2026年春季幼儿园巴氏低温鲜奶套餐（100盒） | G5: 350 | H5: 46085.76 | I5: 0006010F8463511 | 张荣强
A6: 3 | B6: 1.5302026e+22 | C6: 谭曜 | D6: 英德市 | 大湾镇童心幼儿园 | 小 | B班 | E6: 18924524431 | F6: 2026年春季幼儿园巴氏低温鲜奶套餐（100盒） | G6: 350 | H6: 46084.843 | I6: 0006010F8463511 | 张荣强
A7: 4 | B7: 1.5302026e+22 | C7: 李一铭 | D7: 英德市 | 大湾镇童心幼儿园 | 小 | B班 | E7: 15113583371 | F7: 2026年春季幼儿园巴氏低温鲜奶套餐（100盒） | G7: 350 | H7: 46084.73 | I7: 0006010F8463511 | 张荣强 | J7: 酸奶酸奶酸奶
A8: 5 | B8: 1.5302026e+22 | C8: 麦明韬 | D8: 英德市 | 大湾镇童心幼儿园 | 中 | B班 | E8: 15019431520 | F8: 2026年春季幼儿园巴氏低温鲜奶套餐（100盒） | G8: 350 | H8: 46083.929 | I8: 0006010F3900007 | 安鑫配送（清远市）有限公司 | J8: 全部要低温酸奶
A9: 6 | B9: 1.5302026e+22 | C9: 谭梦瑶 | D9: 英德市 | 大湾镇童心幼儿园 | 小 | B班 | E9: 18300138786 | F9: 2026年春季幼儿园巴氏低温鲜奶套餐（100盒） | G9: 350 | H9: 46082.439 | I9: 0006010F3900007 | 安鑫配送（清远市）有限公司
A10: 7 | B10: 1.5302026e+22 | C10: 韦子翎 | D10: 英德市 | 大湾镇童心幼儿园 | 小 | A班 | E10: 15360854737 | F10: 2026年春季幼儿园巴氏低温鲜奶套餐（100盒） | G10: 350 | H10: 46082.438 | I10: 0006010F3900007 | 安鑫配送（清远市）有限公司
A11: 8 | B11: 1.5302026e+22 | C11: 蓝诗瑶 | D11: 英德市 | 大湾镇童心幼儿园 | 小 | B班 | E11: 13610323462 | F11: 2026年春季幼儿园巴氏低温鲜奶套餐（100盒） | G11: 350 | H11: 46082.428 | I11: 0006010F3900007 | 安鑫配送（清远市）有限公司
A12: 9 | B12: 1.5302026e+22 | C12: 谭奕煊 | D12: 英德市 | 大湾镇童心幼儿园 | 小 | B班 | E12: 13502452900 | F12: 2026年春季幼儿园巴氏低温鲜奶套餐（100盒） | G12: 350 | H12: 46082.418 | I12: 0006010F3900007 | 安鑫配送（清远市）有限公司
A13: 10 | B13: 1.5302026e+22 | C13: 黄星玥 | D13: 英德市 | 大湾镇童心幼儿园 | 小 | B班 | E13: 13711413189 | F13: 2026年春季幼儿园巴氏低温鲜奶套餐（100盒） | G13: 350 | H13: 46082.402 | I13: 0006010F3900007 | 安鑫配送（清远市）有限公司 | J13: 酸奶饮品
A14: 11 | B14: 1.5302026e+22 | C14: 吴梓睿 | D14: 英德市 | 大湾镇童心幼儿园 | 小 | B班 | E14: 13710277732 | F14: 2026年春季幼儿园巴氏低温鲜奶套餐（100盒） | G14: 350 | H14: 46082.368 | I14: 0006010F3900007 | 安鑫配送（清远市）有限公司 | J14: 只要燕塘酸奶饮品
C15: 伍俊乐 | D15: 中B | E15: 15728860810 | F15: 2026年春季幼儿园巴氏低温鲜奶套餐（100盒） | G15: 210 | H15: 46092 | J15: 鲜奶酸奶各半 | K15: 教职工子女，微信收款
C16: 张子奕 | D16: 大B | E16: 18925010810 | F16: 2026年春季幼儿园巴氏低温鲜奶套餐（100盒） | G16: 210 | H16: 46092 | J16: 鲜奶酸奶各半 | K16: 教职工子女，微信收款

Sheet 领奶表
A1: 英德市大湾镇童心幼儿园教师鲜奶领奶表
A2: （ ）月份（填写领取数量/盒）
A3: 序号 | B3: 姓名 | C3: 1 | D3: 2 | E3: 3 | F3: 4 | G3: 5 | H3: 6 | I3: 7 | J3: 8 | K3: 9 | L3: 10 | M3: 11 | N3: 12 | O3: 13 | P3: 14 | Q3: 15 | R3: 16 | S3: 17 | T3: 18 | U3: 19 | V3: 20 | W3: 21 | X3: 22 | Y3: 23 | Z3: 24 | AA3: 25 | AB3: 26 | AC3: 27 | AD3: 28 | AE3: 29 | AF3: 30
A4: 1
A5: 2
A6: 3
A7: 13
A8: 14
A9: 15
A10: 16
A11: 17
A12: 18

Sheet 配送汇总
A1: 英德市大湾镇童心幼儿园教师鲜奶领奶表
A2: 序号 | B2: 姓名 | C2: 订购份数 | D2: 46090 | E2: 46093 | F2: 46097 | G2: 46100 | H2: 46104 | I2: 46107 | J2: 46111 | K2: 46114 | L2: 46119 | M2: 46121 | N2: 46125 | O2: 46128 | P2: 46132 | Q2: 46135 | AC2: 总计 | AD2: 剩余
A3: 1 | B3: 李语彤 | C3: 100 | D3: 3 | E3: 2 | F3: 3 | G3: 2 | H3: 3 | I3: 2 | J3: 3 | K3: 2 | L3: 3 | M3: 2 | N3: 3 | O3: =SUMIF('4.16'!$C$3:C15,B3,'4.16'!$I$3:I18) -> 2 | P3: 3 | Q3: 2 | AC3: =SUM(D3:AB3) -> 35 | AD3: =100-AC3 -> 65
A4: 2 | B4: 伍健霖 | C4: 100 | D4: 3 | E4: 2 | F4: 3 | G4: 2 | H4: 3 | I4: 2 | J4: 3 | K4: 2 | L4: 3 | M4: 2 | N4: 3 | O4: =SUMIF('4.16'!$C$3:C16,B4,'4.16'!$I$3:I19) -> 2 | P4: 3 | Q4: 2 | AC4: =SUM(D4:AB4) -> 35 | AD4: =130-AC4 -> 95 | AE4: 续订已收款
A5: 3 | B5: 谭曜 | C5: 100 | D5: 3 | E5: 2 | F5: 3 | G5: 2 | H5: 3 | I5: 2 | J5: 3 | K5: 2 | L5: 3 | M5: 2 | N5: 3 | O5: =SUMIF('4.16'!$C$3:C17,B5,'4.16'!$I$3:I20) -> 2 | P5: 3 | Q5: 2 | AC5: =SUM(D5:AB5) -> 35 | AD5: =130-AC5 -> 95 | AE5: 续订已收款
A6: 4 | B6: 李一铭 | C6: 100 | D6: 3 | E6: 2 | F6: 3 | G6: 2 | H6: 3 | I6: 2 | J6: 3 | K6: 2 | L6: 3 | M6: 2 | N6: 3 | O6: =SUMIF('4.16'!$C$3:C18,B6,'4.16'!$I$3:I21) -> 2 | P6: 3 | Q6: 2 | AC6: =SUM(D6:AB6) -> 35 | AD6: =100-AC6 -> 65
A7: 5 | B7: 麦明韬 | C7: 100 | D7: 3 | E7: 2 | F7: 3 | G7: 2 | H7: 3 | I7: 2 | J7: 3 | K7: 2 | L7: 3 | M7: 2 | N7: 3 | O7: =SUMIF('4.16'!$C$3:C19,B7,'4.16'!$I$3:I22) -> 2 | P7: 3 | Q7: 2 | AC7: =SUM(D7:AB7) -> 35 | AD7: =100-AC7 -> 65
A8: 6 | B8: 谭梦瑶 | C8: 100 | D8: 3 | E8: 2 | F8: 3 | G8: 2 | H8: 3 | I8: 2 | J8: 3 | K8: 2 | L8: 3 | M8: 2 | N8: 3 | O8: =SUMIF('4.16'!$C$3:C20,B8,'4.16'!$I$3:I23) -> 2 | P8: 3 | Q8: 2 | AC8: =SUM(D8:AB8) -> 35 | AD8: =100-AC8 -> 65
A9: 7 | B9: 韦子翎 | C9: 100 | D9: 3 | E9: 2 | F9: 3 | G9: 2 | H9: 3 | I9: 2 | J9: 3 | K9: 2 | L9: 3 | M9: 2 | N9: 3 | O9: =SUMIF('4.16'!$C$3:C21,B9,'4.16'!$I$3:I24) -> 2 | P9: 3 | Q9: 2 | AC9: =SUM(D9:AB9) -> 35 | AD9: =130-AC9 -> 95
A10: 8 | B10: 蓝诗瑶 | C10: 100 | D10: 3 | E10: 2 | F10: 3 | G10: 2 | H10: 3 | I10: 2 | J10: 3 | K10: 2 | L10: 3 | M10: 2 | N10: 3 | O10: =SUMIF('4.16'!$C$3:C22,B10,'4.16'!$I$3:I25) -> 2 | P10: 3 | Q10: 2 | AC10: =SUM(D10:AB10) -> 35 | AD10: =100-AC10 -> 65
A11: 9 | B11: 谭奕煊 | C11: 100 | D11: 3 | E11: 2 | F11: 3 | G11: 2 | H11: 3 | I11: 2 | J11: 3 | K11: 2 | L11: 3 | M11: 2 | N11: 3 | O11: =SUMIF('4.16'!$C$3:C23,B11,'4.16'!$I$3:I26) -> 2 | P11: 3 | Q11: 2 | AC11: =SUM(D11:AB11) -> 35 | AD11: =100-AC11 -> 65
A12: 10 | B12: 黄星玥 | C12: 100 | D12: 3 | E12: 2 | F12: 3 | G12: 2 | H12: 3 | I12: 2 | J12: 3 | K12: 2 | L12: 3 | M12: 2 | N12: 3 | O12: =SUMIF('4.16'!$C$3:C24,B12,'4.16'!$I$3:I27) -> 2 | P12: 3 | Q12: 2 | AC12: =SUM(D12:AB12) -> 35 | AD12: =130-AC12 -> 95 | AE12: 续订已收款
A13: 11 | B13: 吴梓睿 | C13: 100 | D13: 3 | E13: 2 | F13: 3 | G13: 2 | H13: 3 | I13: 2 | J13: 3 | K13: 2 | L13: 3 | M13: 2 | N13: 3 | O13: =SUMIF('4.16'!$C$3:C25,B13,'4.16'!$I$3:I28) -> 2 | P13: 3 | Q13: 2 | AC13: =SUM(D13:AB13) -> 35 | AD13: =100-AC13 -> 65
A14: 12 | B14: 伍俊乐 | C14: 100 | D14: 0 | E14: 0 | F14: 6 | G14: 2 | H14: 3 | I14: 2 | J14: 3 | K14: 2 | L14: 3 | M14: 2 | N14: 3 | O14: =SUMIF('4.16'!$C$3:C26,B14,'4.16'!$I$3:I29) -> 2 | P14: 3 | Q14: 2 | AC14: =SUM(D14:AB14) -> 33 | AD14: =100-AC14 -> 67
A15: 13 | B15: 张子奕 | C15: 100 | D15: 0 | E15: 0 | F15: 6 | G15: 2 | H15: 3 | I15: 2 | J15: 3 | K15: 2 | L15: 3 | M15: 2 | N15: 3 | O15: =SUMIF('4.16'!$C$3:C27,B15,'4.16'!$I$3:I30) -> 2 | P15: 3 | Q15: 2 | AC15: =SUM(D15:AB15) -> 33 | AD15: =100-AC15 -> 67
A16: 14 | AC16: =SUM(D16:AB16) -> 0 | AD16: =100-AC16 -> 100
A17: 15 | D17: =SUM(D3:D16) -> 33 | E17: =SUM(E3:E16) -> 22 | F17: =SUM(F3:F16) -> 45 | G17: =SUM(G3:G16) -> 26 | H17: =SUM(H3:H16) -> 39 | I17: =SUM(I3:I16) -> 26 | J17: =SUM(J3:J16) -> 39 | K17: =SUM(K3:K16) -> 26 | ... AB17: =SUM(AB3:AB16) -> 0 | AC17: =SUM(D17:AB17) -> 451 | AD17: =100-AC17 -> -351
A18: 16 | AC18: =SUM(D18:AB18) -> 0 | AD18: =100-AC18 -> 100
A19: 17 | AC19: =SUM(D19:AB19) -> 0 | AD19: =100-AC19 -> 100
A20: 18 | AC20: =SUM(D20:AB20) -> 0 | AD20: =130-AC20 -> 130 | AE20: 续订已收款
A21: 19 | AC21: =SUM(D21:AB21) -> 0 | AD21: =130-AC21 -> 130 | AE21: 续订已收款
A22: 20 | AC22: =SUM(D22:AB22) -> 0 | AD22: =100-AC22 -> 100
A23: 21 | AC23: =SUM(D23:AB23) -> 0 | AD23: =100-AC23 -> 100
A24: 22 | AC24: =SUM(D24:AB24) -> 0 | AD24: =100-AC24 -> 100
A25: 23 | AC25: =SUM(D25:AB25) -> 0 | AD25: =100-AC25 -> 100 | AE25: 续订已收款
A26: 24 | AC26: =SUM(D26:AB26) -> 0 | AD26: =130-AC26 -> 130 | AE26: 续订已收款
A27: 25 | AC27: =SUM(D27:AB27) -> 0 | AD27: =100-AC27 -> 100
A28: 26 | AC28: =SUM(D28:AB28) -> 0 | AD28: =100-AC28 -> 100
A29: 27 | AC29: =SUM(D29:AB29) -> 0 | AD29: =100-AC29 -> 100
A30: 28 | AC30: =SUM(D30:AB30) -> 0 | AD30: =130-AC30 -> 130 | AE30: 续订已收款
A31: 29 | AC31: =SUM(D31:AB31) -> 0 | AD31: =130-AC31 -> 130 | AE31: 续订已收款
A32: 30 | AC32: =SUM(D32:AB32) -> 0 | AD32: =130-AC32 -> 130 | AE32: 续订已收款

Sheet 3.9
A1: 大湾镇童心幼儿园教师鲜奶领奶表
A2: 序号 | B2: 配送日期 | C2: 职工姓名 | D2: 配送天数 | E2: 鲜 | F2: 酸 | G2: 备注
A3: 1 | B3: 46090 | C3: 李语彤 | D3: 3天 | E3: 3
A4: 2 | B4: 46090 | C4: 伍健霖 | D4: 3天 | E4: 3
A5: 3 | B5: 46090 | C5: 谭曜 | D5: 3天 | E5: 3
A6: 4 | B6: 46090 | C6: 李一铭 | D6: 3天 | F6: 3
A7: 5 | B7: 46090 | C7: 麦明韬 | D7: 3天 | F7: 3
A8: 6 | B8: 46090 | C8: 谭梦瑶 | D8: 3天 | E8: 3
A9: 7 | B9: 46090 | C9: 韦子翎 | D9: 3天 | E9: 3
A10: 8 | B10: 46090 | C10: 蓝诗瑶 | D10: 3天 | E10: 3
A11: 9 | B11: 46090 | C11: 谭奕煊 | D11: 3天 | E11: 3
A12: 10 | B12: 46090 | C12: 黄星玥 | D12: 3天 | F12: 3
A13: 11 | B13: 46090 | C13: 吴梓睿 | D13: 3天 | F13: 3
C14: 伍俊乐 | D14: 3天 | E14: 1 | F14: 2 | G14: 教职工子女，中B班 | H14: 11号下单，下周一配送
C15: 张子奕 | D15: 3天 | E15: 1 | F15: 2 | G15: 教职工子女，大B班 | H15: 11号下单，下周一配送
E18: =SUM(E3:E17) -> 23 | F18: =SUM(F3:F17) -> 16

Sheet 3.12
A1: 大湾镇童心幼儿园教师鲜奶领奶表
A2: 序号 | B2: 配送日期 | C2: 职工姓名 | D2: 配送天数 | E2: 鲜 | F2: 酸 | G2: 备注
A3: 1 | B3: 46093 | C3: 李语彤 | D3: 2天 | E3: 2
A4: 2 | B4: 46093 | C4: 伍健霖 | D4: 2天 | E4: 2
A5: 3 | B5: 46093 | C5: 谭曜 | D5: 2天 | E5: 2
A6: 4 | B6: 46093 | C6: 李一铭 | D6: 2天 | F6: 2
A7: 5 | B7: 46093 | C7: 麦明韬 | D7: 2天 | F7: 2
A8: 6 | B8: 46093 | C8: 谭梦瑶 | D8: 2天 | E8: 2
A9: 7 | B9: 46093 | C9: 韦子翎 | D9: 2天 | E9: 2
A10: 8 | B10: 46093 | C10: 蓝诗瑶 | D10: 2天 | E10: 2
A11: 9 | B11: 46093 | C11: 谭奕煊 | D11: 2天 | E11: 2
A12: 10 | B12: 46093 | C12: 黄星玥 | D12: 2天 | F12: 2
A13: 11 | B13: 46093 | C13: 吴梓睿 | D13: 2天 | F13: 2
E16: =SUM(E3:E15) -> 14 | F16: =SUM(F3:F15) -> 8

Sheet 3.16
A1: 大湾镇童心幼儿园教师鲜奶领奶表
A2: 序号 | B2: 配送日期 | C2: 职工姓名 | D2: 配送天数 | E2: 鲜 | F2: 酸 | G2: 备注
A3: 1 | B3: 46097 | C3: 伍俊乐 | D3: 3天 | E3: 1 | F3: 2 | G3: 教职工子女，中B班 | H3: 礼品已领
A4: 2 | B4: 46097 | C4: 张子奕 | D4: 3天 | E4: 1 | F4: 2 | G4: 教职工子女，大B班 | H4: 礼品已领
A5: 1 | B5: 46097 | C5: 李语彤 | D5: 3天 | E5: 3
A6: 2 | B6: 46097 | C6: 伍健霖 | D6: 3天 | E6: 3
A7: 3 | B7: 46097 | C7: 谭曜 | D7: 3天 | E7: 3
A8: 4 | B8: 46097 | C8: 李一铭 | D8: 3天 | F8: 3
A9: 5 | B9: 46097 | C9: 麦明韬 | D9: 3天 | F9: 3
A10: 6 | B10: 46097 | C10: 谭梦瑶 | D10: 3天 | E10: 3
A11: 7 | B11: 46097 | C11: 韦子翎 | D11: 3天 | E11: 3
A12: 8 | B12: 46097 | C12: 蓝诗瑶 | D12: 3天 | E12: 3
A13: 9 | B13: 46097 | C13: 谭奕煊 | D13: 3天 | E13: 3
A14: 10 | B14: 46097 | C14: 黄星玥 | D14: 3天 | F14: 3
A15: 11 | B15: 46097 | C15: 吴梓睿 | D15: 3天 | F15: 3
E19: =SUM(E3:E18) -> 23 | F19: =SUM(F3:F18) -> 16

Sheet 3.19
A1: 大湾镇童心幼儿园教师鲜奶领奶表
A2: 序号 | B2: 配送日期 | C2: 职工姓名 | D2: 配送天数 | E2: 鲜 | F2: 酸 | G2: 备注
A3: 1 | B3: 46100 | C3: 伍俊乐 | D3: 2天 | E3: 1 | F3: 1 | G3: 教职工子女，中B班 | H3: 礼品已领
A4: 2 | B4: 46100 | C4: 张子奕 | D4: 2天 | E4: 1 | F4: 1 | G4: 教职工子女，大B班 | H4: 礼品已领
A5: 1 | B5: 46100 | C5: 李语彤 | D5: 2天 | E5: 2
A6: 2 | B6: 46100 | C6: 伍健霖 | D6: 2天 | E6: 2
A7: 3 | B7: 46100 | C7: 谭曜 | D7: 2天 | E7: 2
A8: 4 | B8: 46100 | C8: 李一铭 | D8: 2天 | F8: 2
A9: 5 | B9: 46100 | C9: 麦明韬 | D9: 2天 | F9: 2
A10: 6 | B10: 46100 | C10: 谭梦瑶 | D10: 2天 | E10: 2
A11: 7 | B11: 46100 | C11: 韦子翎 | D11: 2天 | E11: 2
A12: 8 | B12: 46100 | C12: 蓝诗瑶 | D12: 2天 | E12: 2
A13: 9 | B13: 46100 | C13: 谭奕煊 | D13: 2天 | E13: 2
A14: 10 | B14: 46100 | C14: 黄星玥 | D14: 2天 | F14: 2
A15: 11 | B15: 46100 | C15: 吴梓睿 | D15: 2天 | F15: 2
E19: =SUM(E3:E18) -> 16 | F19: =SUM(F3:F18) -> 10

Sheet 3.23
A1: 大湾镇童心幼儿园教师鲜奶领奶表
A2: 序号 | B2: 配送日期 | C2: 职工姓名 | D2: 配送天数 | E2: 鲜 | F2: 酸 | G2: 备注
A3: 1 | B3: 46104 | C3: 伍俊乐 | D3: 3天 | E3: 1 | F3: 2 | G3: 教职工子女，中B班 | H3: 礼品已领 | I3: =SUM(E3:F3) -> 3
A4: 2 | B4: 46104 | C4: 张子奕 | D4: 3天 | E4: 1 | F4: 2 | G4: 教职工子女，大B班 | H4: 礼品已领 | I4: =SUM(E4:F4) -> 3
A5: 3 | B5: 46104 | C5: 李语彤 | D5: 3天 | E5: 3 | I5: =SUM(E5:F5) -> 3
A6: 4 | B6: 46104 | C6: 伍健霖 | D6: 3天 | E6: 3 | I6: =SUM(E6:F6) -> 3
A7: 5 | B7: 46104 | C7: 谭曜 | D7: 3天 | E7: 3 | I7: =SUM(E7:F7) -> 3
A8: 6 | B8: 46104 | C8: 李一铭 | D8: 3天 | F8: 3 | I8: =SUM(E8:F8) -> 3
A9: 7 | B9: 46104 | C9: 麦明韬 | D9: 3天 | F9: 3 | I9: =SUM(E9:F9) -> 3
A10: 8 | B10: 46104 | C10: 谭梦瑶 | D10: 3天 | E10: 3 | I10: =SUM(E10:F10) -> 3
A11: 9 | B11: 46104 | C11: 韦子翎 | D11: 3天 | E11: 3 | I11: =SUM(E11:F11) -> 3
A12: 10 | B12: 46104 | C12: 蓝诗瑶 | D12: 3天 | E12: 3 | I12: =SUM(E12:F12) -> 3
A13: 11 | B13: 46104 | C13: 谭奕煊 | D13: 3天 | E13: 3 | I13: =SUM(E13:F13) -> 3
A14: 12 | B14: 46104 | C14: 黄星玥 | D14: 3天 | F14: 3 | I14: =SUM(E14:F14) -> 3
A15: 13 | B15: 46104 | C15: 吴梓睿 | D15: 3天 | F15: 3 | I15: =SUM(E15:F15) -> 3
E19: =SUM(E3:E18) -> 23 | F19: =SUM(F3:F18) -> 16 | I19: =SUM(I3:I18) -> 39

Sheet 3.26
A1: 大湾镇童心幼儿园学生鲜奶领奶表
A2: 序号 | B2: 配送日期 | C2: 职工姓名 | D2: 配送天数 | E2: 鲜 | F2: 酸 | G2: 备注
A3: 1 | B3: 46107 | C3: 伍俊乐 | D3: 2天 | E3: 1 | F3: 1 | G3: 教职工子女，中B班 | H3: 礼品已领
A4: 2 | B4: 46107 | C4: 张子奕 | D4: 2天 | E4: 1 | F4: 1 | G4: 教职工子女，大B班 | H4: 礼品已领
A5: 3 | B5: 46107 | C5: 李语彤 | D5: 2天 | E5: 2
A6: 4 | B6: 46107 | C6: 伍健霖 | D6: 2天 | E6: 2
A7: 5 | B7: 46107 | C7: 谭曜 | D7: 2天 | E7: 2
A8: 6 | B8: 46107 | C8: 李一铭 | D8: 2天 | F8: 2
A9: 7 | B9: 46107 | C9: 麦明韬 | D9: 2天 | F9: 2
A10: 8 | B10: 46107 | C10: 谭梦瑶 | D10: 2天 | E10: 2
A11: 9 | B11: 46107 | C11: 韦子翎 | D11: 2天 | E11: 2
A12: 10 | B12: 46107 | C12: 蓝诗瑶 | D12: 2天 | E12: 2
A13: 11 | B13: 46107 | C13: 谭奕煊 | D13: 2天 | E13: 2
A14: 12 | B14: 46107 | C14: 黄星玥 | D14: 2天 | F14: 2
A15: 13 | B15: 46107 | C15: 吴梓睿 | D15: 2天 | F15: 2
E19: =SUM(E3:E18) -> 16 | F19: =SUM(F3:F18) -> 10

Sheet 3.30
A1: 大湾镇童心幼儿园教师鲜奶领奶表
A2: 序号 | B2: 配送日期 | C2: 职工姓名 | D2: 配送天数 | E2: 鲜 | F2: 酸 | G2: 备注
A3: 1 | B3: 46111 | C3: 伍俊乐 | D3: 3天 | E3: 1 | F3: 2 | G3: 教职工子女，中B班 | H3: 礼品已领
A4: 2 | B4: 46111 | C4: 张子奕 | D4: 3天 | E4: 1 | F4: 2 | G4: 教职工子女，大B班 | H4: 礼品已领
A5: 3 | B5: 46111 | C5: 李语彤 | D5: 3天 | E5: 3
A6: 4 | B6: 46111 | C6: 伍健霖 | D6: 3天 | E6: 3
A7: 5 | B7: 46111 | C7: 谭曜 | D7: 3天 | E7: 3
A8: 6 | B8: 46111 | C8: 李一铭 | D8: 3天 | F8: 3
A9: 7 | B9: 46111 | C9: 麦明韬 | D9: 3天 | F9: 3
A10: 8 | B10: 46111 | C10: 谭梦瑶 | D10: 3天 | E10: 3
A11: 9 | B11: 46111 | C11: 韦子翎 | D11: 3天 | E11: 3
A12: 10 | B12: 46111 | C12: 蓝诗瑶 | D12: 3天 | E12: 3
A13: 11 | B13: 46111 | C13: 谭奕煊 | D13: 3天 | E13: 3
A14: 12 | B14: 46111 | C14: 黄星玥 | D14: 3天 | F14: 3
A15: 13 | B15: 46111 | C15: 吴梓睿 | D15: 3天 | F15: 3
E19: =SUM(E3:E18) -> 23 | F19: =SUM(F3:F18) -> 16

Sheet 4.2
A1: 大湾镇童心幼儿园学生鲜奶领奶表
A2: 序号 | B2: 配送日期 | C2: 职工姓名 | D2: 配送天数 | E2: 鲜 | F2: 酸 | G2: 备注
A3: 1 | B3: 46114 | C3: 伍俊乐 | D3: 2天 | E3: 1 | F3: 1 | G3: 教职工子女，中B班 | H3: 礼品已领
A4: 2 | B4: 46114 | C4: 张子奕 | D4: 2天 | E4: 1 | F4: 1 | G4: 教职工子女，大B班 | H4: 礼品已领
A5: 3 | B5: 46114 | C5: 李语彤 | D5: 2天 | E5: 2
A6: 4 | B6: 46114 | C6: 伍健霖 | D6: 2天 | E6: 2
A7: 5 | B7: 46114 | C7: 谭曜 | D7: 2天 | E7: 2
A8: 6 | B8: 46114 | C8: 李一铭 | D8: 2天 | F8: 2
A9: 7 | B9: 46114 | C9: 麦明韬 | D9: 2天 | F9: 2
A10: 8 | B10: 46114 | C10: 谭梦瑶 | D10: 2天 | E10: 2
A11: 9 | B11: 46114 | C11: 韦子翎 | D11: 2天 | E11: 2
A12: 10 | B12: 46114 | C12: 蓝诗瑶 | D12: 2天 | E12: 2
A13: 11 | B13: 46114 | C13: 谭奕煊 | D13: 2天 | E13: 2
A14: 12 | B14: 46114 | C14: 黄星玥 | D14: 2天 | F14: 2
A15: 13 | B15: 46114 | C15: 吴梓睿 | D15: 2天 | F15: 2
E19: =SUM(E3:E18) -> 16 | F19: =SUM(F3:F18) -> 10

Sheet 4.7
A1: 大湾镇童心幼儿园教师鲜奶领奶表
A2: 序号 | B2: 配送日期 | C2: 职工姓名 | D2: 配送天数 | E2: 鲜 | F2: 酸 | G2: 备注
A3: 1 | B3: 46119 | C3: 伍俊乐 | D3: 3天 | E3: 1 | F3: 2 | G3: 教职工子女，中B班 | H3: 礼品已领
A4: 2 | B4: 46119 | C4: 张子奕 | D4: 3天 | E4: 1 | F4: 2 | G4: 教职工子女，大B班 | H4: 礼品已领
A5: 3 | B5: 46119 | C5: 李语彤 | D5: 3天 | E5: 3
A6: 4 | B6: 46119 | C6: 伍健霖 | D6: 3天 | E6: 3
A7: 5 | B7: 46119 | C7: 谭曜 | D7: 3天 | E7: 3
A8: 6 | B8: 46119 | C8: 李一铭 | D8: 3天 | F8: 3
A9: 7 | B9: 46119 | C9: 麦明韬 | D9: 3天 | F9: 3
A10: 8 | B10: 46119 | C10: 谭梦瑶 | D10: 3天 | E10: 3
A11: 9 | B11: 46119 | C11: 韦子翎 | D11: 3天 | E11: 3
A12: 10 | B12: 46119 | C12: 蓝诗瑶 | D12: 3天 | E12: 3
A13: 11 | B13: 46119 | C13: 谭奕煊 | D13: 3天 | E13: 3
A14: 12 | B14: 46119 | C14: 黄星玥 | D14: 3天 | F14: 3
A15: 13 | B15: 46119 | C15: 吴梓睿 | D15: 3天 | F15: 3
E19: =SUM(E3:E18) -> 23 | F19: =SUM(F3:F18) -> 16

Sheet 4.9
A1: 大湾镇童心幼儿园学生鲜奶领奶表
A2: 序号 | B2: 配送日期 | C2: 职工姓名 | D2: 配送天数 | E2: 鲜 | F2: 酸 | G2: 备注
A3: 1 | B3: 46121 | C3: 伍俊乐 | D3: 2天 | E3: 1 | F3: 1 | G3: 教职工子女，中B班 | H3: 礼品已领
A4: 2 | B4: 46121 | C4: 张子奕 | D4: 2天 | E4: 1 | F4: 1 | G4: 教职工子女，大B班 | H4: 礼品已领
A5: 3 | B5: 46121 | C5: 李语彤 | D5: 2天 | E5: 2
A6: 4 | B6: 46121 | C6: 伍健霖 | D6: 2天 | E6: 2
A7: 5 | B7: 46121 | C7: 谭曜 | D7: 2天 | E7: 2
A8: 6 | B8: 46121 | C8: 李一铭 | D8: 2天 | F8: 2
A9: 7 | B9: 46121 | C9: 麦明韬 | D9: 2天 | F9: 2
A10: 8 | B10: 46121 | C10: 谭梦瑶 | D10: 2天 | E10: 2
A11: 9 | B11: 46121 | C11: 韦子翎 | D11: 2天 | E11: 2
A12: 10 | B12: 46121 | C12: 蓝诗瑶 | D12: 2天 | E12: 2
A13: 11 | B13: 46121 | C13: 谭奕煊 | D13: 2天 | E13: 2
A14: 12 | B14: 46121 | C14: 黄星玥 | D14: 2天 | F14: 2
A15: 13 | B15: 46121 | C15: 吴梓睿 | D15: 2天 | F15: 2
E19: =SUM(E3:E18) -> 16 | F19: =SUM(F3:F18) -> 10

Sheet 4.13
A1: 大湾镇童心幼儿园教师鲜奶领奶表
A2: 序号 | B2: 配送日期 | C2: 职工姓名 | D2: 配送天数 | E2: 鲜 | F2: 酸 | G2: 备注
A3: 1 | B3: 46125 | C3: 伍俊乐 | D3: 3天 | E3: 1 | F3: 2 | G3: 教职工子女，中B班 | H3: 礼品已领
A4: 2 | B4: 46125 | C4: 张子奕 | D4: 3天 | E4: 1 | F4: 2 | G4: 教职工子女，大B班 | H4: 礼品已领
A5: 3 | B5: 46125 | C5: 李语彤 | D5: 3天 | E5: 3
A6: 4 | B6: 46125 | C6: 伍健霖 | D6: 3天 | E6: 3
A7: 5 | B7: 46125 | C7: 谭曜 | D7: 3天 | E7: 3
A8: 6 | B8: 46125 | C8: 李一铭 | D8: 3天 | F8: 3
A9: 7 | B9: 46125 | C9: 麦明韬 | D9: 3天 | F9: 3
A10: 8 | B10: 46125 | C10: 谭梦瑶 | D10: 3天 | E10: 3
A11: 9 | B11: 46125 | C11: 韦子翎 | D11: 3天 | E11: 3
A12: 10 | B12: 46125 | C12: 蓝诗瑶 | D12: 3天 | E12: 3
A13: 11 | B13: 46125 | C13: 谭奕煊 | D13: 3天 | E13: 3
A14: 12 | B14: 46125 | C14: 黄星玥 | D14: 3天 | F14: 3
A15: 13 | B15: 46125 | C15: 吴梓睿 | D15: 3天 | F15: 3
E19: =SUM(E3:E18) -> 23 | F19: =SUM(F3:F18) -> 16

Sheet 4.16
A1: 大湾镇童心幼儿园学生鲜奶领奶表
A2: 序号 | B2: 配送日期 | C2: 职工姓名 | D2: 配送天数 | E2: 鲜 | F2: 酸 | G2: 备注
A3: 1 | B3: 46128 | C3: 伍俊乐 | D3: 2天 | E3: 1 | F3: 1 | G3: 教职工子女，中B班 | H3: 礼品已领 | I3: =E3+F3 -> 2
A4: 2 | B4: 46128 | C4: 张子奕 | D4: 2天 | E4: 1 | F4: 1 | G4: 教职工子女，大B班 | H4: 礼品已领 | I4: =E4+F4 -> 2
A5: 3 | B5: 46128 | C5: 李语彤 | D5: 2天 | E5: 2 | I5: =E5+F5 -> 2
A6: 4 | B6: 46128 | C6: 伍健霖 | D6: 2天 | E6: 2 | I6: =E6+F6 -> 2
A7: 5 | B7: 46128 | C7: 谭曜 | D7: 2天 | E7: 2 | I7: =E7+F7 -> 2
A8: 6 | B8: 46128 | C8: 李一铭 | D8: 2天 | F8: 2 | I8: =E8+F8 -> 2
A9: 7 | B9: 46128 | C9: 麦明韬 | D9: 2天 | F9: 2 | I9: =E9+F9 -> 2
A10: 8 | B10: 46128 | C10: 谭梦瑶 | D10: 2天 | E10: 2 | I10: =E10+F10 -> 2
A11: 9 | B11: 46128 | C11: 韦子翎 | D11: 2天 | E11: 2 | I11: =E11+F11 -> 2
A12: 10 | B12: 46128 | C12: 蓝诗瑶 | D12: 2天 | E12: 2 | I12: =E12+F12 -> 2
A13: 11 | B13: 46128 | C13: 谭奕煊 | D13: 2天 | E13: 2 | I13: =E13+F13 -> 2
A14: 12 | B14: 46128 | C14: 黄星玥 | D14: 2天 | F14: 2 | I14: =E14+F14 -> 2
A15: 13 | B15: 46128 | C15: 吴梓睿 | D15: 2天 | F15: 2 | I15: =E15+F15 -> 2
I16: =E16+F16 -> 0
I17: =E17+F17 -> 0
I18: =E18+F18 -> 0
E19: =SUM(E3:E18) -> 16 | F19: =SUM(F3:F18) -> 10 | I19: =E19+F19 -> 26

Sheet 4.20
A1: 大湾镇童心幼儿园教师鲜奶领奶表
A2: 序号 | B2: 配送日期 | C2: 职工姓名 | D2: 配送天数 | E2: 鲜 | F2: 酸 | G2: 备注
A3: 1 | B3: 46132 | C3: 伍俊乐 | D3: 3天 | E3: 1 | F3: 2 | G3: 教职工子女，中B班 | H3: 礼品已领
A4: 2 | B4: 46132 | C4: 张子奕 | D4: 3天 | E4: 1 | F4: 2 | G4: 教职工子女，大B班 | H4: 礼品已领
A5: 3 | B5: 46132 | C5: 李语彤 | D5: 3天 | E5: 3
A6: 4 | B6: 46132 | C6: 伍健霖 | D6: 3天 | E6: 3
A7: 5 | B7: 46132 | C7: 谭曜 | D7: 3天 | E7: 3
A8: 6 | B8: 46132 | C8: 李一铭 | D8: 3天 | F8: 3
A9: 7 | B9: 46132 | C9: 麦明韬 | D9: 3天 | F9: 3
A10: 8 | B10: 46132 | C10: 谭梦瑶 | D10: 3天 | E10: 3
A11: 9 | B11: 46132 | C11: 韦子翎 | D11: 3天 | E11: 3
A12: 10 | B12: 46132 | C12: 蓝诗瑶 | D12: 3天 | E12: 3
A13: 11 | B13: 46132 | C13: 谭奕煊 | D13: 3天 | E13: 3
A14: 12 | B14: 46132 | C14: 黄星玥 | D14: 3天 | F14: 3
A15: 13 | B15: 46132 | C15: 吴梓睿 | D15: 3天 | F15: 3
E19: =SUM(E3:E18) -> 23 | F19: =SUM(F3:F18) -> 16

Sheet 4.23
A1: 大湾镇童心幼儿园学生鲜奶领奶表
A2: 序号 | B2: 配送日期 | C2: 职工姓名 | D2: 配送天数 | E2: 鲜 | F2: 酸 | G2: 备注
A3: 1 | B3: 46135 | C3: 伍俊乐 | D3: 2天 | E3: 1 | F3: 1 | G3: 教职工子女，中B班 | H3: 礼品已领 | I3: =E3+F3 -> 2
A4: 2 | B4: 46135 | C4: 张子奕 | D4: 2天 | E4: 1 | F4: 1 | G4: 教职工子女，大B班 | H4: 礼品已领 | I4: =E4+F4 -> 2
A5: 3 | B5: 46135 | C5: 李语彤 | D5: 2天 | E5: 2 | I5: =E5+F5 -> 2
A6: 4 | B6: 46135 | C6: 伍健霖 | D6: 2天 | E6: 2 | I6: =E6+F6 -> 2
A7: 5 | B7: 46135 | C7: 谭曜 | D7: 2天 | E7: 2 | I7: =E7+F7 -> 2
A8: 6 | B8: 46135 | C8: 李一铭 | D8: 2天 | F8: 2 | I8: =E8+F8 -> 2
A9: 7 | B9: 46135 | C9: 麦明韬 | D9: 2天 | F9: 2 | I9: =E9+F9 -> 2
A10: 8 | B10: 46135 | C10: 谭梦瑶 | D10: 2天 | E10: 2 | I10: =E10+F10 -> 2
A11: 9 | B11: 46135 | C11: 韦子翎 | D11: 2天 | E11: 2 | I11: =E11+F11 -> 2
A12: 10 | B12: 46135 | C12: 蓝诗瑶 | D12: 2天 | E12: 2 | I12: =E12+F12 -> 2
A13: 11 | B13: 46135 | C13: 谭奕煊 | D13: 2天 | E13: 2 | I13: =E13+F13 -> 2
A14: 12 | B14: 46135 | C14: 黄星玥 | D14: 2天 | F14: 2 | I14: =E14+F14 -> 2
A15: 13 | B15: 46135 | C15: 吴梓睿 | D15: 2天 | F15: 2 | I15: =E15+F15 -> 2
I16: =E16+F16 -> 0
I17: =E17+F17 -> 0
I18: =E18+F18 -> 0
E19: =SUM(E3:E18) -> 16 | F19: =SUM(F3:F18) -> 10 | I19: =E19+F19 -> 26
