Workbook

Sheet 老师
A1: 2026春季浛洸镇英西中学教职工巴氏鲜奶补贴订购申请表（20份起送，特殊申请除外
A2: 本学期3月15日前订购一份赠送1本笔记本+1支花梨木圆珠笔
A3: 序号 | B3: 职工姓名 | C3: 联系电话 | D3: 订购种类（打√） | F3: 订购份数（100盒/210元） | H3: 备注
D4: 鲜奶（ ） 保质期7天 | E4: 乳酸（ ） 保质期15天 | F4: 市场原价 （3.5元/盒） | G4: 职工优惠价6折购 （2.1元/盒） | H4: 如果二个打√就各50支
A5: 1 | B5: 毛君华 | C5: 15915167667 | E5: ✓ | F5: 350 | G5: 210 | I5: 已付款
A6: 2 | B6: 张英爱 | C6: 13425218701 | E6: ✓ | F6: 350 | G6: 210 | I6: 已付款
A7: 3 | B7: 钟建珊 | C7: 15218510313 | D7: ✓ | F7: 350 | G7: 210 | I7: 已付款
A8: 4 | B8: 叶本娟1 | C8: 13653010127 | E8: ✓ | F8: 350 | G8: 210 | I8: 已付款
A9: 5 | B9: 叶本娟2 | C9: 13653010127 | E9: ✓ | F9: 350 | G9: 210 | I9: 已付款
A10: 6 | B10: 廖春媚 | C10: 13680036131 | D10: ✓ | E10: ✓ | F10: 350 | G10: 210 | I10: 已付款
A11: 7 | B11: 苏卫芳 | C11: 13416537777 | D11: ✓ | F11: 350 | G11: 210 | I11: 已付款
A12: 8 | B12: 梁七妹 | C12: 13729662622 | D12: ✓ | E12: ✓ | F12: 350 | G12: 210 | H12: 鲜酸各一半 | I12: 已付款
A13: 9 | B13: 郭建平 | C13: 13542455367 | E13: ✓ | F13: 350 | G13: 210 | I13: 已付款
A14: 10 | B14: 钟振锋1 | C14: 15016695698 | E14: ✓ | F14: 350 | G14: 210 | I14: 已付款
A15: 11 | B15: 陈惠云 | C15: 13413505810 | E15: ✓ | F15: 350 | G15: 210 | I15: 已付款
A16: 12 | B16: 郭秋华 | C16: 15813251862 | E16: ✓ | F16: 350 | G16: 210 | I16: 已付款
A17: 13 | B17: 谢桂香 | C17: 13553987869 | D17: √ | E17: √ | F17: 350 | G17: 210 | I17: 已付款
A18: 14 | B18: 叶本娟3 | C18: 13653010127 | E18: ✓ | F18: 350 | G18: 210 | I18: 已付款
A19: 15 | B19: 付嘉良 | D19: ✓ | F19: 350 | G19: 210 | H19: 已付款 | I19: 已付款
A20: 16 | B20: 钟振锋2 | C20: 15016695698 | E20: ✓ | F20: 350 | G20: 210 | H20: 3/12增订 | I20: 已付款
A21: 17 | B21: 冯秀群 | C21: 13603005584 | D21: ✓ | F21: 350 | G21: 210 | H21: 3/19增订 | I21: 已付款
A22: 18 | F22: 350 | G22: 210
A23: 19 | F23: 350 | G23: 210
A24: 20 | F24: 350 | G24: 210
A25: 21 | F25: 350 | G25: 210
A26: 22 | F26: 350 | G26: 210
A27: 23 | F27: 350 | G27: 210
A28: 24 | F28: 350 | G28: 210
A29: 31 | F29: 350 | G29: 210
A30: 32 | F30: 350 | G30: 210
A31: 33 | F31: 350 | G31: 210
A32: 34 | F32: 350 | G32: 210
A33: 35 | F33: 350 | G33: 210
... A43: 45 | F43: 350 | G43: 210

Sheet 领奶表
A1: 英西中学教师鲜奶领奶表
A2: （ ）月份（填写领取数量/盒）
A3: 序号 | B3: 姓名 | C3: 1 | D3: 2 | E3: 3 | F3: 4 | G3: 5 | H3: 6 | I3: 7 | J3: 8 | K3: 9 | L3: 10 | M3: 11 | N3: 12 | O3: 13 | P3: 14 | Q3: 15 | R3: 16 | S3: 17 | T3: 18 | U3: 19 | V3: 20 | W3: 21 | X3: 22 | Y3: 23 | Z3: 24 | AA3: 25 | AB3: 26 | AC3: 27 | AD3: 28 | AE3: 29 | AF3: 30
A4: 1
A5: 2
A6: 3
A7: 13
A8: 14
A9: 15
A10: 16
A11: 17
A12: 18

Sheet 签收
A1: 英西中学教师鲜奶赠品领取表
A2: 序号 | B2: 配送日期 | C2: 职工姓名 | D2: 礼品份数 （笔记本+笔） | E2: 签名 | F2: 备注
A3: 1 | B3: 46093 | C3: 毛君华 | D3: 1
A4: 2 | B4: 46093 | C4: 张英爱 | D4: 1
A5: 3 | B5: 46093 | C5: 钟建珊 | D5: 1
A6: 4 | B6: 46093 | C6: 叶本娟1 | D6: 1
A7: 5 | B7: 46093 | C7: 叶本娟2 | D7: 1
A8: 6 | B8: 46093 | C8: 叶本娟3 | D8: 1
A9: 7 | B9: 46093 | C9: 廖春媚 | D9: 1
A10: 8 | B10: 46093 | C10: 苏卫芳 | D10: 1
A11: 9 | B11: 46093 | C11: 梁七妹 | D11: 1
A12: 10 | B12: 46093 | C12: 郭建平 | D12: 1
A13: 11 | B13: 46093 | C13: 钟振锋 | D13: 1
A14: 12 | B14: 46093 | C14: 陈惠云 | D14: 1
... A17: 15 | B17: 46093 | C17: 付嘉良 | D17: 1
C18: 钟振锋2 | D18: 1 | F18: 3.19送
D20: =SUM(D3:D17) -> 15

Sheet 配送汇总
A1: 英西中学教师鲜奶领奶表
A2: 序号 | B2: 姓名 | C2: 订购份数 | D2: 46090 | E2: 46093 | F2: 46097 | G2: 46100 | H2: 46104 | I2: 46107 | J2: 46111 | K2: 46114 | L2: 46119 | M2: 46121 | N2: 46125 | O2: 46128 | P2: 46132 | Q2: 46135 | X2: 总计 | Y2: 剩余
A3: 1 | B3: 毛君华 | C3: 100 | D3: 3 | E3: 4 | F3: 3 | G3: 4 | H3: 3 | I3: 4 | J3: 3 | K3: 4 | L3: 3 | M3: 4 | N3: =SUMIF('4.13'!$C$3:C19,B3,'4.13'!$I$3:I21) -> 3 | O3: =SUMIF('4.16'!$C$3:D19,B3,'4.16'!$I$3:J21) -> 4 | P3: 3 | Q3: 4 | X3: =SUM(D3:W3) -> 49 | Y3: =C3-X3 -> 51
A4: 2 | B4: 张英爱 | C4: 100 | D4: 3 | E4: 4 | F4: 3 | G4: 4 | H4: 3 | I4: 4 | J4: 3 | K4: 4 | L4: 3 | M4: 4 | N4: =SUMIF('4.13'!$C$3:C20,B4,'4.13'!$I$3:I22) -> 3 | O4: =SUMIF('4.16'!$C$3:D20,B4,'4.16'!$I$3:J22) -> 4 | P4: 3 | Q4: 4 | X4: =SUM(D4:W4) -> 49 | Y4: =C4-X4 -> 51
A5: 3 | B5: 钟建珊 | C5: 100 | D5: 3 | E5: 4 | F5: 3 | G5: 4 | H5: 3 | I5: 4 | J5: 3 | K5: 4 | L5: 3 | M5: 4 | N5: =SUMIF('4.13'!$C$3:C21,B5,'4.13'!$I$3:I23) -> 3 | O5: =SUMIF('4.16'!$C$3:D21,B5,'4.16'!$I$3:J23) -> 4 | P5: 3 | Q5: 4 | X5: =SUM(D5:W5) -> 49 | Y5: =C5-X5 -> 51
A6: 4 | B6: 叶本娟1 | C6: 100 | D6: 3 | E6: 4 | F6: 3 | G6: 4 | H6: 3 | I6: 4 | J6: 3 | K6: 4 | L6: 3 | M6: 4 | N6: =SUMIF('4.13'!$C$3:C22,B6,'4.13'!$I$3:I24) -> 3 | O6: =SUMIF('4.16'!$C$3:D22,B6,'4.16'!$I$3:J24) -> 4 | P6: 3 | Q6: 4 | X6: =SUM(D6:W6) -> 49 | Y6: =C6-X6 -> 51
A7: 5 | B7: 叶本娟2 | C7: 100 | D7: 3 | E7: 4 | F7: 3 | G7: 4 | H7: 3 | I7: 4 | J7: 3 | K7: 4 | L7: 3 | M7: 4 | N7: =SUMIF('4.13'!$C$3:C23,B7,'4.13'!$I$3:I25) -> 3 | O7: =SUMIF('4.16'!$C$3:D23,B7,'4.16'!$I$3:J25) -> 4 | P7: 3 | Q7: 4 | X7: =SUM(D7:W7) -> 49 | Y7: =C7-X7 -> 51
A8: 6 | B8: 叶本娟3 | C8: 100 | D8: 3 | E8: 4 | F8: 3 | G8: 4 | H8: 3 | I8: 4 | J8: 3 | K8: 4 | L8: 3 | M8: 4 | N8: =SUMIF('4.13'!$C$3:C24,B8,'4.13'!$I$3:I26) -> 3 | O8: =SUMIF('4.16'!$C$3:D24,B8,'4.16'!$I$3:J26) -> 4 | P8: 3 | Q8: 4 | X8: =SUM(D8:W8) -> 49 | Y8: =C8-X8 -> 51
A9: 7 | B9: 廖春媚 | C9: 100 | D9: 3 | E9: 4 | F9: 3 | G9: 4 | H9: 3 | I9: 4 | J9: 3 | K9: 4 | L9: 3 | M9: 4 | N9: =SUMIF('4.13'!$C$3:C25,B9,'4.13'!$I$3:I27) -> 3 | O9: =SUMIF('4.16'!$C$3:D25,B9,'4.16'!$I$3:J27) -> 4 | P9: 3 | Q9: 4 | X9: =SUM(D9:W9) -> 49 | Y9: =C9-X9 -> 51
A10: 8 | B10: 苏卫芳 | C10: 100 | D10: 3 | E10: 4 | F10: 3 | G10: 4 | H10: 3 | I10: 4 | J10: 3 | K10: 4 | L10: 3 | M10: 4 | N10: =SUMIF('4.13'!$C$3:C26,B10,'4.13'!$I$3:I28) -> 3 | O10: =SUMIF('4.16'!$C$3:D26,B10,'4.16'!$I$3:J28) -> 4 | P10: 3 | Q10: 4 | X10: =SUM(D10:W10) -> 49 | Y10: =C10-X10 -> 51
A11: 9 | B11: 梁七妹 | C11: 100 | D11: 3 | E11: 4 | F11: 3 | G11: 4 | H11: 3 | I11: 4 | J11: 3 | K11: 4 | L11: 3 | M11: 4 | N11: =SUMIF('4.13'!$C$3:C27,B11,'4.13'!$I$3:I29) -> 3 | O11: =SUMIF('4.16'!$C$3:D27,B11,'4.16'!$I$3:J29) -> 4 | P11: 3 | Q11: 4 | X11: =SUM(D11:W11) -> 49 | Y11: =C11-X11 -> 51
A12: 10 | B12: 郭建平 | C12: 100 | D12: 3 | E12: 4 | F12: 3 | G12: 4 | H12: 3 | I12: 4 | J12: 3 | K12: 4 | L12: 3 | M12: 4 | N12: =SUMIF('4.13'!$C$3:C28,B12,'4.13'!$I$3:I30) -> 3 | O12: =SUMIF('4.16'!$C$3:D28,B12,'4.16'!$I$3:J30) -> 4 | P12: 3 | Q12: 4 | X12: =SUM(D12:W12) -> 49 | Y12: =C12-X12 -> 51
A13: 11 | B13: 钟振锋1 | C13: 100 | D13: 3 | E13: 4 | F13: 3 | G13: 4 | H13: 3 | I13: 4 | J13: 3 | K13: 4 | L13: 3 | M13: 4 | N13: =SUMIF('4.13'!$C$3:C29,B13,'4.13'!$I$3:I31) -> 3 | O13: =SUMIF('4.16'!$C$3:D29,B13,'4.16'!$I$3:J31) -> 4 | P13: 3 | Q13: 4 | X13: =SUM(D13:W13) -> 49 | Y13: =C13-X13 -> 51
A14: 12 | B14: 陈惠云 | C14: 100 | D14: 3 | E14: 4 | F14: 3 | G14: 4 | H14: 3 | I14: 4 | J14: 3 | K14: 4 | L14: 3 | M14: 4 | N14: =SUMIF('4.13'!$C$3:C30,B14,'4.13'!$I$3:I32) -> 3 | O14: =SUMIF('4.16'!$C$3:D30,B14,'4.16'!$I$3:J32) -> 4 | P14: 3 | Q14: 4 | X14: =SUM(D14:W14) -> 49 | Y14: =C14-X14 -> 51
... A18: 16 | B18: 钟振锋2 | C18: 100 | D18: 0 | E18: 0 | F18: 6 | G18: 8 | H18: 3 | I18: 4 | J18: 3 | K18: 4 | L18: 3 | M18: 4 | N18: =SUMIF('4.13'!$C$3:C34,B18,'4.13'!$I$3:I36) -> 3 | O18: =SUMIF('4.16'!$C$3:D34,B18,'4.16'!$I$3:J36) -> 4 | P18: 3 | Q18: 4 | X18: =SUM(D18:W18) -> 49 | Y18: =C18-X18 -> 51
A19: 17 | B19: 冯秀群 | C19: 100 | J19: 3 | K19: 4 | L19: 3 | M19: 4 | N19: =SUMIF('4.13'!$C$3:C35,B19,'4.13'!$I$3:I37) -> 3 | O19: =SUMIF('4.16'!$C$3:D35,B19,'4.16'!$I$3:J37) -> 4 | P19: 3 | Q19: 4 | X19: =SUM(D19:W19) -> 28 | Y19: =C19-X19 -> 72
A20: 18 | D20: =SUM(D3:D19) -> 45 | E20: =SUM(E3:E19) -> 60 | F20: =SUM(F3:F19) -> 51 | G20: =SUM(G3:G19) -> 68 | H20: =SUM(H3:H19) -> 48 | I20: =SUM(I3:I19) -> 64 | J20: =SUM(J3:J19) -> 51 | K20: =SUM(K3:K19) -> 68 | ... Q20: =SUM(Q3:Q19) -> 68 | V20: =SUM(V3:V19) -> 0 | Y20: =C20-X20 -> 0
A21: 19 | Y21: =C21-X21 -> 0
A22: 20 | Y22: =C22-X22 -> 0
A23: 21 | Y23: =C23-X23 -> 0
A24: 22 | Y24: =C24-X24 -> 0
A25: 23 | Y25: =C25-X25 -> 0
A26: 24 | Y26: =C26-X26 -> 0
A27: 25 | Y27: =C27-X27 -> 0
A28: 26 | Y28: =C28-X28 -> 0
A29: 27 | Y29: =C29-X29 -> 0
A30: 28 | Y30: =C30-X30 -> 0
A31: 29 | Y31: =C31-X31 -> 0
A32: 30 | Y32: =C32-X32 -> 0
Y33: =C33-X33 -> 0

Sheet 3.9
A1: 英西中学教师鲜奶领奶表
A2: 序号 | B2: 配送日期 | C2: 职工姓名 | D2: 配送天数 | E2: 鲜 | F2: 酸 | G2: 备注
A3: 1 | B3: 46090 | C3: 毛君华 | D3: 3天 | F3: 3
A4: 2 | B4: 46090 | C4: 张英爱 | D4: 3天 | F4: 3
A5: 3 | B5: 46090 | C5: 钟建珊 | D5: 3天 | E5: 3
A6: 4 | B6: 46090 | C6: 叶本娟1 | D6: 3天 | F6: 3
A7: 5 | B7: 46090 | C7: 叶本娟2 | D7: 3天 | F7: 3
A8: 6 | B8: 46090 | C8: 叶本娟3 | D8: 3天 | F8: 3
A9: 7 | B9: 46090 | C9: 廖春媚 | D9: 3天 | E9: 2 | F9: 1
A10: 8 | B10: 46090 | C10: 苏卫芳 | D10: 3天 | E10: 3
A11: 9 | B11: 46090 | C11: 梁七妹 | D11: 3天 | F11: 3
A12: 10 | B12: 46090 | C12: 郭建平 | D12: 3天 | F12: 3
A13: 11 | B13: 46090 | C13: 钟振锋 | D13: 3天 | F13: 3
A14: 12 | B14: 46090 | C14: 陈惠云 | D14: 3天 | F14: 3
A15: 13 | B15: 46090 | C15: 郭秋华 | D15: 3天 | F15: 3
A16: 14 | B16: 46090 | C16: 谢桂香 | D16: 3天 | E16: 2 | F16: 1
A17: 15 | B17: 46090 | C17: 付嘉良 | D17: 3天 | E17: 3
E20: =SUM(E3:E19) -> 13 | F20: =SUM(F3:F19) -> 32

Sheet 3.12
A1: 英西中学教师鲜奶领奶表
A2: 序号 | B2: 配送日期 | C2: 职工姓名 | D2: 配送天数 | E2: 鲜 | F2: 酸 | G2: 备注
A3: 1 | B3: 46093 | C3: 毛君华 | D3: 3天 | F3: 3
A4: 2 | B4: 46093 | C4: 张英爱 | D4: 3天 | F4: 3
A5: 3 | B5: 46093 | C5: 钟建珊 | D5: 3天 | E5: 3
A6: 4 | B6: 46093 | C6: 叶本娟1 | D6: 3天 | F6: 3
A7: 5 | B7: 46093 | C7: 叶本娟2 | D7: 3天 | F7: 3
A8: 6 | B8: 46093 | C8: 叶本娟3 | D8: 3天 | F8: 3
A9: 7 | B9: 46093 | C9: 廖春媚 | D9: 3天 | E9: 2 | F9: 1
A10: 8 | B10: 46093 | C10: 苏卫芳 | D10: 3天 | E10: 3
A11: 9 | B11: 46093 | C11: 梁七妹 | D11: 3天 | F11: 3
A12: 10 | B12: 46093 | C12: 郭建平 | D12: 3天 | F12: 3
A13: 11 | B13: 46093 | C13: 钟振锋 | D13: 3天 | F13: 3
A14: 12 | B14: 46093 | C14: 陈惠云 | D14: 3天 | F14: 3
A15: 13 | B15: 46093 | C15: 郭秋华 | D15: 3天 | F15: 3
A16: 14 | B16: 46093 | C16: 谢桂香 | D16: 3天 | E16: 2 | F16: 1
A17: 15 | B17: 46093 | C17: 付嘉良 | D17: 3天 | E17: 3
E20: =SUM(E3:E19) -> 13 | F20: =SUM(F3:F19) -> 32

Sheet 3.16
A1: 英西中学教师鲜奶领奶表
A2: 序号 | B2: 配送日期 | C2: 职工姓名 | D2: 配送天数 | E2: 鲜 | F2: 酸 | G2: 备注
A3: 1 | B3: 46097 | C3: 毛君华 | D3: 3天 | F3: 3
A4: 2 | B4: 46097 | C4: 张英爱 | D4: 3天 | F4: 3
A5: 3 | B5: 46097 | C5: 钟建珊 | D5: 3天 | E5: 3
A6: 4 | B6: 46097 | C6: 叶本娟1 | D6: 3天 | F6: 3
A7: 5 | B7: 46097 | C7: 叶本娟2 | D7: 3天 | F7: 3
A8: 6 | B8: 46097 | C8: 叶本娟3 | D8: 3天 | F8: 3 | G8: 此份漏送不计入总数
A9: 7 | B9: 46097 | C9: 廖春媚 | D9: 3天 | E9: 2 | F9: 1
A10: 8 | B10: 46097 | C10: 苏卫芳 | D10: 3天 | E10: 3
A11: 9 | B11: 46097 | C11: 梁七妹 | D11: 3天 | E11: 2 | F11: 1
A12: 10 | B12: 46097 | C12: 郭建平 | D12: 3天 | F12: 3
A13: 11 | B13: 46097 | C13: 钟振锋 | D13: 3天 | F13: 3
A14: 12 | B14: 46097 | C14: 陈惠云 | D14: 3天 | F14: 3
A15: 13 | B15: 46097 | C15: 郭秋华 | D15: 3天 | F15: 3
A16: 14 | B16: 46097 | C16: 谢桂香 | D16: 3天 | E16: 2 | F16: 1
A17: 15 | B17: 46097 | C17: 付嘉良 | D17: 3天 | E17: 3
A18: 16 | B18: 46097 | C18: 钟振锋2 | D18: 3天 | F18: 3
A19: 17 | B19: 46097 | C19: 钟振锋2 | D19: 3天 | F19: 3 | G19: 补送
E22: =SUM(E3:E21) -> 15 | F22: =SUM(F3:F21) -> 36

Sheet 3.19
A1: 英西中学教师鲜奶领奶表
A2: 序号 | B2: 配送日期 | C2: 职工姓名 | D2: 配送天数 | E2: 鲜 | F2: 酸 | G2: 备注
A3: 1 | B3: 46100 | C3: 毛君华 | D3: 4天 | F3: 4
A4: 2 | B4: 46100 | C4: 张英爱 | D4: 4天 | F4: 4
A5: 3 | B5: 46100 | C5: 钟建珊 | D5: 4天 | E5: 4
A6: 4 | B6: 46100 | C6: 叶本娟1 | D6: 4天 | F6: 4
A7: 5 | B7: 46100 | C7: 叶本娟2 | D7: 4天 | F7: 4
A8: 6 | B8: 46100 | C8: 叶本娟3 | D8: 4天 | F8: 4
A9: 7 | B9: 46100 | C9: 廖春媚 | D9: 4天 | E9: 2 | F9: 2
A10: 8 | B10: 46100 | C10: 苏卫芳 | D10: 4天 | E10: 4
A11: 9 | B11: 46100 | C11: 梁七妹 | D11: 4天 | E11: 2 | F11: 2
A12: 10 | B12: 46100 | C12: 郭建平 | D12: 4天 | F12: 4
A13: 11 | B13: 46100 | C13: 钟振锋 | D13: 4天 | F13: 4
A14: 12 | B14: 46100 | C14: 陈惠云 | D14: 4天 | F14: 4
A15: 13 | B15: 46100 | C15: 郭秋华 | D15: 4天 | F15: 4
A16: 14 | B16: 46100 | C16: 谢桂香 | D16: 4天 | E16: 2 | F16: 2
A17: 15 | B17: 46100 | C17: 付嘉良 | D17: 4天 | E17: 4
A18: 16 | B18: 46100 | C18: 钟振锋2 | D18: 4天 | F18: 4
A19: 17 | B19: 46100 | C19: 钟振锋2 | D19: 4天 | F19: 4 | G19: 补送
E22: =SUM(E3:E21) -> 18 | F22: =SUM(F3:F21) -> 50
C24: 叶本娟3.16送少了3支酸奶，下周一补送

Sheet 3.23
A1: 英西中学教师鲜奶领奶表
A2: 序号 | B2: 配送日期 | C2: 职工姓名 | D2: 配送天数 | E2: 鲜 | F2: 酸 | G2: 备注
A3: 1 | B3: 46104 | C3: 毛君华 | D3: 3天 | F3: 3
A4: 2 | B4: 46104 | C4: 张英爱 | D4: 3天 | F4: 3
A5: 3 | B5: 46104 | C5: 钟建珊 | D5: 3天 | E5: 3
A6: 4 | B6: 46104 | C6: 叶本娟1 | D6: 3天 | F6: 3
A7: 5 | B7: 46104 | C7: 叶本娟2 | D7: 3天 | F7: 3
A8: 6 | B8: 46104 | C8: 叶本娟3 | D8: 3天 | F8: 3
A9: 7 | B9: 46104 | C9: 廖春媚 | D9: 3天 | E9: 2 | F9: 1
A10: 8 | B10: 46104 | C10: 苏卫芳 | D10: 3天 | E10: 3
A11: 9 | B11: 46104 | C11: 梁七妹 | D11: 3天 | E11: 2 | F11: 1
A12: 10 | B12: 46104 | C12: 郭建平 | D12: 3天 | F12: 3
A13: 11 | B13: 46104 | C13: 钟振锋 | D13: 3天 | F13: 3
A14: 12 | B14: 46104 | C14: 陈惠云 | D14: 3天 | F14: 3
A15: 13 | B15: 46104 | C15: 郭秋华 | D15: 3天 | F15: 3
A16: 14 | B16: 46104 | C16: 谢桂香 | D16: 3天 | E16: 2 | F16: 1
A17: 15 | B17: 46104 | C17: 付嘉良 | D17: 3天 | E17: 3
A18: 16 | B18: 46104 | C18: 钟振锋2 | D18: 3天 | F18: 3
A19: 17 | B19: 46104 | C19: 叶本娟 | D19: 补发 | F19: 3 | G19: 叶本娟3.16送少了3支酸奶，下周一补送，此3不计入总数
E23: =SUM(E3:E22) -> 15 | F23: =SUM(F3:F22) -> 36

Sheet 3.26
A1: 英西中学教师鲜奶领奶表
A2: 序号 | B2: 配送日期 | C2: 职工姓名 | D2: 配送天数 | E2: 鲜 | F2: 酸 | G2: 备注
A3: 1 | B3: 46107 | C3: 毛君华 | D3: 4天 | F3: 4
A4: 2 | B4: 46107 | C4: 张英爱 | D4: 4天 | F4: 4
A5: 3 | B5: 46107 | C5: 钟建珊 | D5: 4天 | E5: 4
A6: 4 | B6: 46107 | C6: 叶本娟1 | D6: 4天 | F6: 4
A7: 5 | B7: 46107 | C7: 叶本娟2 | D7: 4天 | F7: 4
A8: 6 | B8: 46107 | C8: 叶本娟3 | D8: 4天 | F8: 4
A9: 7 | B9: 46107 | C9: 廖春媚 | D9: 4天 | E9: 2 | F9: 2
A10: 8 | B10: 46107 | C10: 苏卫芳 | D10: 4天 | E10: 4
A11: 9 | B11: 46107 | C11: 梁七妹 | D11: 4天 | E11: 2 | F11: 2
A12: 10 | B12: 46107 | C12: 郭建平 | D12: 4天 | F12: 4
A13: 11 | B13: 46107 | C13: 钟振锋 | D13: 4天 | F13: 4
A14: 12 | B14: 46107 | C14: 陈惠云 | D14: 4天 | F14: 4
A15: 13 | B15: 46107 | C15: 郭秋华 | D15: 4天 | F15: 4
A16: 14 | B16: 46107 | C16: 谢桂香 | D16: 4天 | E16: 2 | F16: 2
A17: 15 | B17: 46107 | C17: 付嘉良 | D17: 4天 | E17: 4
A18: 16 | B18: 46107 | C18: 钟振锋2 | D18: 4天 | F18: 4
E21: =SUM(E3:E20) -> 18 | F21: =SUM(F3:F20) -> 46
C23: 冯秀群 | D23: 4天

Sheet 3.30
A1: 英西中学教师鲜奶领奶表
A2: 序号 | B2: 配送日期 | C2: 职工姓名 | D2: 配送天数 | E2: 鲜 | F2: 酸 | G2: 备注
A3: 1 | B3: 46111 | C3: 毛君华 | D3: 3天 | F3: 3
A4: 2 | B4: 46111 | C4: 张英爱 | D4: 3天 | F4: 3
A5: 3 | B5: 46111 | C5: 钟建珊 | D5: 3天 | E5: 3
A6: 4 | B6: 46111 | C6: 叶本娟1 | D6: 3天 | F6: 3
A7: 5 | B7: 46111 | C7: 叶本娟2 | D7: 3天 | F7: 3
A8: 6 | B8: 46111 | C8: 叶本娟3 | D8: 3天 | F8: 3
A9: 7 | B9: 46111 | C9: 廖春媚 | D9: 3天 | E9: 2 | F9: 1
A10: 8 | B10: 46111 | C10: 苏卫芳 | D10: 3天 | E10: 3
A11: 9 | B11: 46111 | C11: 梁七妹 | D11: 3天 | E11: 2 | F11: 1
A12: 10 | B12: 46111 | C12: 郭建平 | D12: 3天 | F12: 3
A13: 11 | B13: 46111 | C13: 钟振锋 | D13: 3天 | F13: 3
A14: 12 | B14: 46111 | C14: 陈惠云 | D14: 3天 | F14: 3
A15: 13 | B15: 46111 | C15: 郭秋华 | D15: 3天 | F15: 3
A16: 14 | B16: 46111 | C16: 谢桂香 | D16: 3天 | E16: 2 | F16: 1
A17: 15 | B17: 46111 | C17: 付嘉良 | D17: 3天 | E17: 3
A18: 16 | B18: 46111 | C18: 钟振锋2 | D18: 3天 | F18: 3
A19: 17 | B19: 46111 | C19: 冯秀群 | D19: 3天 | E19: 3
E22: =SUM(E3:E21) -> 18 | F22: =SUM(F3:F21) -> 33

Sheet 4.2
A1: 英西中学教师鲜奶领奶表
A2: 序号 | B2: 配送日期 | C2: 职工姓名 | D2: 配送天数 | E2: 鲜 | F2: 酸 | G2: 备注
A3: 1 | B3: 46114 | C3: 毛君华 | D3: 4天 | F3: 4 | H3: =SUM(E3:F3) -> 4
A4: 2 | B4: 46114 | C4: 张英爱 | D4: 4天 | F4: 4 | H4: =SUM(E4:F4) -> 4
A5: 3 | B5: 46114 | C5: 钟建珊 | D5: 4天 | E5: 4 | H5: =SUM(E5:F5) -> 4
A6: 4 | B6: 46114 | C6: 叶本娟1 | D6: 4天 | F6: 4 | H6: =SUM(E6:F6) -> 4
A7: 5 | B7: 46114 | C7: 叶本娟2 | D7: 4天 | F7: 4 | H7: =SUM(E7:F7) -> 4
A8: 6 | B8: 46114 | C8: 叶本娟3 | D8: 4天 | F8: 4 | H8: =SUM(E8:F8) -> 4
A9: 7 | B9: 46114 | C9: 廖春媚 | D9: 4天 | E9: 2 | F9: 2 | H9: =SUM(E9:F9) -> 4
A10: 8 | B10: 46114 | C10: 苏卫芳 | D10: 4天 | E10: 4 | H10: =SUM(E10:F10) -> 4
A11: 9 | B11: 46114 | C11: 梁七妹 | D11: 4天 | E11: 2 | F11: 2 | H11: =SUM(E11:F11) -> 4
A12: 10 | B12: 46114 | C12: 郭建平 | D12: 4天 | F12: 4 | H12: =SUM(E12:F12) -> 4
A13: 11 | B13: 46114 | C13: 钟振锋1 | D13: 4天 | F13: 4 | H13: =SUM(E13:F13) -> 4
A14: 12 | B14: 46114 | C14: 陈惠云 | D14: 4天 | F14: 4 | H14: =SUM(E14:F14) -> 4
A15: 13 | B15: 46114 | C15: 郭秋华 | D15: 4天 | F15: 4 | H15: =SUM(E15:F15) -> 4
A16: 14 | B16: 46114 | C16: 谢桂香 | D16: 4天 | E16: 2 | F16: 2 | H16: =SUM(E16:F16) -> 4
A17: 15 | B17: 46114 | C17: 付嘉良 | D17: 4天 | E17: 4 | H17: =SUM(E17:F17) -> 4
A18: 16 | B18: 46114 | C18: 钟振锋2 | D18: 4天 | F18: 4 | H18: =SUM(E18:F18) -> 4
A19: 17 | B19: 46114 | C19: 冯秀群 | D19: 4天 | E19: 4 | H19: =SUM(E19:F19) -> 4
E21: =SUM(E3:E20) -> 22 | F21: =SUM(F3:F20) -> 46 | H21: =SUM(H3:H20) -> 68

Sheet 4.7
A1: 英西中学教师鲜奶领奶表
A2: 序号 | B2: 配送日期 | C2: 职工姓名 | D2: 配送天数 | E2: 鲜 | F2: 酸 | G2: 备注
A3: 1 | B3: 46119 | C3: 毛君华 | D3: 3天 | F3: 3 | H3: =SUM(E3:F3) -> 3
A4: 2 | B4: 46119 | C4: 张英爱 | D4: 3天 | F4: 3 | H4: =SUM(E4:F4) -> 3
A5: 3 | B5: 46119 | C5: 钟建珊 | D5: 3天 | E5: 3 | H5: =SUM(E5:F5) -> 3
A6: 4 | B6: 46119 | C6: 叶本娟1 | D6: 3天 | F6: 3 | H6: =SUM(E6:F6) -> 3
A7: 5 | B7: 46119 | C7: 叶本娟2 | D7: 3天 | F7: 3 | H7: =SUM(E7:F7) -> 3
A8: 6 | B8: 46119 | C8: 叶本娟3 | D8: 3天 | F8: 3 | H8: =SUM(E8:F8) -> 3
A9: 7 | B9: 46119 | C9: 廖春媚 | D9: 3天 | E9: 2 | F9: 1 | H9: =SUM(E9:F9) -> 3
A10: 8 | B10: 46119 | C10: 苏卫芳 | D10: 3天 | E10: 3 | H10: =SUM(E10:F10) -> 3
A11: 9 | B11: 46119 | C11: 梁七妹 | D11: 3天 | E11: 2 | F11: 1 | H11: =SUM(E11:F11) -> 3
A12: 10 | B12: 46119 | C12: 郭建平 | D12: 3天 | F12: 3 | H12: =SUM(E12:F12) -> 3
A13: 11 | B13: 46119 | C13: 钟振锋1 | D13: 3天 | F13: 3 | H13: =SUM(E13:F13) -> 3
A14: 12 | B14: 46119 | C14: 陈惠云 | D14: 3天 | F14: 3 | H14: =SUM(E14:F14) -> 3
A15: 13 | B15: 46119 | C15: 郭秋华 | D15: 3天 | F15: 3 | H15: =SUM(E15:F15) -> 3
A16: 14 | B16: 46119 | C16: 谢桂香 | D16: 3天 | E16: 2 | F16: 1 | H16: =SUM(E16:F16) -> 3
A17: 15 | B17: 46119 | C17: 付嘉良 | D17: 3天 | E17: 3 | H17: =SUM(E17:F17) -> 3
A18: 16 | B18: 46119 | C18: 钟振锋2 | D18: 3天 | F18: 3 | H18: =SUM(E18:F18) -> 3
A19: 17 | B19: 46119 | C19: 冯秀群 | D19: 3天 | E19: 3 | H19: =SUM(E19:F19) -> 3
E22: =SUM(E3:E21) -> 18 | F22: =SUM(F3:F21) -> 33 | H22: =SUM(H3:H21) -> 51

Sheet 4.9
A1: 英西中学教师鲜奶领奶表
A2: 序号 | B2: 配送日期 | C2: 职工姓名 | D2: 配送天数 | E2: 鲜 | F2: 酸 | G2: 备注
A3: 1 | B3: 46121 | C3: 毛君华 | D3: 4天 | F3: 4 | H3: =SUM(E3:F3) -> 4
A4: 2 | B4: 46121 | C4: 张英爱 | D4: 4天 | F4: 4 | H4: =SUM(E4:F4) -> 4
A5: 3 | B5: 46121 | C5: 钟建珊 | D5: 4天 | E5: 4 | H5: =SUM(E5:F5) -> 4
A6: 4 | B6: 46121 | C6: 叶本娟1 | D6: 4天 | F6: 4 | H6: =SUM(E6:F6) -> 4
A7: 5 | B7: 46121 | C7: 叶本娟2 | D7: 4天 | F7: 4 | H7: =SUM(E7:F7) -> 4
A8: 6 | B8: 46121 | C8: 叶本娟3 | D8: 4天 | F8: 4 | H8: =SUM(E8:F8) -> 4
A9: 7 | B9: 46121 | C9: 廖春媚 | D9: 4天 | E9: 2 | F9: 2 | H9: =SUM(E9:F9) -> 4
A10: 8 | B10: 46121 | C10: 苏卫芳 | D10: 4天 | E10: 4 | H10: =SUM(E10:F10) -> 4
A11: 9 | B11: 46121 | C11: 梁七妹 | D11: 4天 | E11: 2 | F11: 2 | H11: =SUM(E11:F11) -> 4
A12: 10 | B12: 46121 | C12: 郭建平 | D12: 4天 | F12: 4 | H12: =SUM(E12:F12) -> 4
A13: 11 | B13: 46121 | C13: 钟振锋1 | D13: 4天 | F13: 4 | H13: =SUM(E13:F13) -> 4
A14: 12 | B14: 46121 | C14: 陈惠云 | D14: 4天 | F14: 4 | H14: =SUM(E14:F14) -> 4
A15: 13 | B15: 46121 | C15: 郭秋华 | D15: 4天 | F15: 4 | H15: =SUM(E15:F15) -> 4
A16: 14 | B16: 46121 | C16: 谢桂香 | D16: 4天 | E16: 2 | F16: 2 | H16: =SUM(E16:F16) -> 4
A17: 15 | B17: 46121 | C17: 付嘉良 | D17: 4天 | E17: 4 | H17: =SUM(E17:F17) -> 4
A18: 16 | B18: 46121 | C18: 钟振锋2 | D18: 4天 | F18: 4 | H18: =SUM(E18:F18) -> 4
A19: 17 | B19: 46121 | C19: 冯秀群 | D19: 4天 | E19: 4 | H19: =SUM(E19:F19) -> 4
E21: =SUM(E3:E20) -> 22 | F21: =SUM(F3:F20) -> 46
H22: =SUM(H3:H21) -> 68

Sheet 4.13
A1: 英西中学教师鲜奶领奶表
A2: 序号 | B2: 配送日期 | C2: 职工姓名 | D2: 配送天数 | E2: 鲜 | F2: 酸 | G2: 备注
A3: 1 | B3: 46125 | C3: 毛君华 | D3: 3天 | F3: 3 | I3: =SUM(E3:F3) -> 3
A4: 2 | B4: 46125 | C4: 张英爱 | D4: 3天 | F4: 3 | I4: =SUM(E4:F4) -> 3
A5: 3 | B5: 46125 | C5: 钟建珊 | D5: 3天 | E5: 3 | I5: =SUM(E5:F5) -> 3
A6: 4 | B6: 46125 | C6: 叶本娟1 | D6: 3天 | F6: 3 | I6: =SUM(E6:F6) -> 3
A7: 5 | B7: 46125 | C7: 叶本娟2 | D7: 3天 | F7: 3 | I7: =SUM(E7:F7) -> 3
A8: 6 | B8: 46125 | C8: 叶本娟3 | D8: 3天 | F8: 3 | I8: =SUM(E8:F8) -> 3
A9: 7 | B9: 46125 | C9: 廖春媚 | D9: 3天 | E9: 2 | F9: 1 | I9: =SUM(E9:F9) -> 3
A10: 8 | B10: 46125 | C10: 苏卫芳 | D10: 3天 | E10: 3 | I10: =SUM(E10:F10) -> 3
A11: 9 | B11: 46125 | C11: 梁七妹 | D11: 3天 | E11: 2 | F11: 1 | I11: =SUM(E11:F11) -> 3
A12: 10 | B12: 46125 | C12: 郭建平 | D12: 3天 | F12: 3 | I12: =SUM(E12:F12) -> 3
A13: 11 | B13: 46125 | C13: 钟振锋1 | D13: 3天 | F13: 3 | I13: =SUM(E13:F13) -> 3
A14: 12 | B14: 46125 | C14: 陈惠云 | D14: 3天 | F14: 3 | I14: =SUM(E14:F14) -> 3
A15: 13 | B15: 46125 | C15: 郭秋华 | D15: 3天 | F15: 3 | I15: =SUM(E15:F15) -> 3
A16: 14 | B16: 46125 | C16: 谢桂香 | D16: 3天 | E16: 2 | F16: 1 | I16: =SUM(E16:F16) -> 3
A17: 15 | B17: 46125 | C17: 付嘉良 | D17: 3天 | E17: 3 | I17: =SUM(E17:F17) -> 3
A18: 16 | B18: 46125 | C18: 钟振锋2 | D18: 3天 | F18: 3 | I18: =SUM(E18:F18) -> 3
A19: 17 | B19: 46125 | C19: 冯秀群 | D19: 3天 | E19: 3 | I19: =SUM(E19:F19) -> 3
I20: =SUM(E20:F20) -> 0
I21: =SUM(E21:F21) -> 0
E22: =SUM(E3:E21) -> 18 | F22: =SUM(F3:F21) -> 33 | I22: =SUM(E22:F22) -> 51

Sheet 4.16
A1: 英西中学教师鲜奶领奶表
A2: 序号 | B2: 配送日期 | C2: 职工姓名 | D2: 配送天数 | E2: 鲜 | F2: 酸 | G2: 备注
A3: 1 | B3: 46128 | C3: 毛君华 | D3: 4天 | F3: 4 | I3: =SUM(E3:F3) -> 4
A4: 2 | B4: 46128 | C4: 张英爱 | D4: 4天 | F4: 4 | I4: =SUM(E4:F4) -> 4
A5: 3 | B5: 46128 | C5: 钟建珊 | D5: 4天 | E5: 4 | I5: =SUM(E5:F5) -> 4
A6: 4 | B6: 46128 | C6: 叶本娟1 | D6: 4天 | F6: 4 | I6: =SUM(E6:F6) -> 4
A7: 5 | B7: 46128 | C7: 叶本娟2 | D7: 4天 | F7: 4 | I7: =SUM(E7:F7) -> 4
A8: 6 | B8: 46128 | C8: 叶本娟3 | D8: 4天 | F8: 4 | I8: =SUM(E8:F8) -> 4
A9: 7 | B9: 46128 | C9: 廖春媚 | D9: 4天 | E9: 2 | F9: 2 | I9: =SUM(E9:F9) -> 4
A10: 8 | B10: 46128 | C10: 苏卫芳 | D10: 4天 | E10: 4 | I10: =SUM(E10:F10) -> 4
A11: 9 | B11: 46128 | C11: 梁七妹 | D11: 4天 | E11: 2 | F11: 2 | I11: =SUM(E11:F11) -> 4
A12: 10 | B12: 46128 | C12: 郭建平 | D12: 4天 | F12: 4 | I12: =SUM(E12:F12) -> 4
A13: 11 | B13: 46128 | C13: 钟振锋1 | D13: 4天 | F13: 4 | I13: =SUM(E13:F13) -> 4
A14: 12 | B14: 46128 | C14: 陈惠云 | D14: 4天 | F14: 4 | I14: =SUM(E14:F14) -> 4
A15: 13 | B15: 46128 | C15: 郭秋华 | D15: 4天 | F15: 4 | I15: =SUM(E15:F15) -> 4
A16: 14 | B16: 46128 | C16: 谢桂香 | D16: 4天 | E16: 2 | F16: 2 | I16: =SUM(E16:F16) -> 4
A17: 15 | B17: 46128 | C17: 付嘉良 | D17: 4天 | E17: 4 | I17: =SUM(E17:F17) -> 4
A18: 16 | B18: 46128 | C18: 钟振锋2 | D18: 4天 | F18: 4 | I18: =SUM(E18:F18) -> 4
A19: 17 | B19: 46128 | C19: 冯秀群 | D19: 4天 | E19: 4 | I19: =SUM(E19:F19) -> 4
E21: =SUM(E3:E20) -> 22 | F21: =SUM(F3:F20) -> 46
I22: =SUM(I3:I21) -> 68

Sheet 4.20
A1: 英西中学教师鲜奶领奶表
A2: 序号 | B2: 配送日期 | C2: 职工姓名 | D2: 配送天数 | E2: 鲜 | F2: 酸 | G2: 备注
A3: 1 | B3: 46132 | C3: 毛君华 | D3: 3天 | F3: 3 | I3: =SUM(E3:F3) -> 3
A4: 2 | B4: 46132 | C4: 张英爱 | D4: 3天 | F4: 3 | I4: =SUM(E4:F4) -> 3
A5: 3 | B5: 46132 | C5: 钟建珊 | D5: 3天 | E5: 3 | I5: =SUM(E5:F5) -> 3
A6: 4 | B6: 46132 | C6: 叶本娟1 | D6: 3天 | F6: 3 | I6: =SUM(E6:F6) -> 3
A7: 5 | B7: 46132 | C7: 叶本娟2 | D7: 3天 | F7: 3 | I7: =SUM(E7:F7) -> 3
A8: 6 | B8: 46132 | C8: 叶本娟3 | D8: 3天 | F8: 3 | I8: =SUM(E8:F8) -> 3
A9: 7 | B9: 46132 | C9: 廖春媚 | D9: 3天 | E9: 2 | F9: 1 | I9: =SUM(E9:F9) -> 3
A10: 8 | B10: 46132 | C10: 苏卫芳 | D10: 3天 | E10: 3 | I10: =SUM(E10:F10) -> 3
A11: 9 | B11: 46132 | C11: 梁七妹 | D11: 3天 | E11: 2 | F11: 1 | I11: =SUM(E11:F11) -> 3
A12: 10 | B12: 46132 | C12: 郭建平 | D12: 3天 | F12: 3 | I12: =SUM(E12:F12) -> 3
A13: 11 | B13: 46132 | C13: 钟振锋1 | D13: 3天 | F13: 3 | I13: =SUM(E13:F13) -> 3
A14: 12 | B14: 46132 | C14: 陈惠云 | D14: 3天 | F14: 3 | I14: =SUM(E14:F14) -> 3
A15: 13 | B15: 46132 | C15: 郭秋华 | D15: 3天 | F15: 3 | I15: =SUM(E15:F15) -> 3
A16: 14 | B16: 46132 | C16: 谢桂香 | D16: 3天 | E16: 2 | F16: 1 | I16: =SUM(E16:F16) -> 3
A17: 15 | B17: 46132 | C17: 付嘉良 | D17: 3天 | E17: 3 | I17: =SUM(E17:F17) -> 3
A18: 16 | B18: 46132 | C18: 钟振锋2 | D18: 3天 | F18: 3 | I18: =SUM(E18:F18) -> 3
A19: 17 | B19: 46132 | C19: 冯秀群 | D19: 3天 | E19: 3 | I19: =SUM(E19:F19) -> 3
I20: =SUM(E20:F20) -> 0
I21: =SUM(E21:F21) -> 0
E22: =SUM(E3:E21) -> 18 | F22: =SUM(F3:F21) -> 33 | I22: =SUM(E22:F22) -> 51

Sheet 4.23
A1: 英西中学教师鲜奶领奶表
A2: 序号 | B2: 配送日期 | C2: 职工姓名 | D2: 配送天数 | E2: 鲜 | F2: 酸 | G2: 备注
A3: 1 | B3: 46135 | C3: 毛君华 | D3: 4天 | F3: 4 | I3: =SUM(E3:F3) -> 4
A4: 2 | B4: 46135 | C4: 张英爱 | D4: 4天 | F4: 4 | I4: =SUM(E4:F4) -> 4
A5: 3 | B5: 46135 | C5: 钟建珊 | D5: 4天 | E5: 4 | I5: =SUM(E5:F5) -> 4
A6: 4 | B6: 46135 | C6: 叶本娟1 | D6: 4天 | F6: 4 | I6: =SUM(E6:F6) -> 4
A7: 5 | B7: 46135 | C7: 叶本娟2 | D7: 4天 | F7: 4 | I7: =SUM(E7:F7) -> 4
A8: 6 | B8: 46135 | C8: 叶本娟3 | D8: 4天 | F8: 4 | I8: =SUM(E8:F8) -> 4
A9: 7 | B9: 46135 | C9: 廖春媚 | D9: 4天 | E9: 2 | F9: 2 | I9: =SUM(E9:F9) -> 4
A10: 8 | B10: 46135 | C10: 苏卫芳 | D10: 4天 | E10: 4 | I10: =SUM(E10:F10) -> 4
A11: 9 | B11: 46135 | C11: 梁七妹 | D11: 4天 | E11: 2 | F11: 2 | I11: =SUM(E11:F11) -> 4
A12: 10 | B12: 46135 | C12: 郭建平 | D12: 4天 | F12: 4 | I12: =SUM(E12:F12) -> 4
A13: 11 | B13: 46135 | C13: 钟振锋1 | D13: 4天 | F13: 4 | I13: =SUM(E13:F13) -> 4
A14: 12 | B14: 46135 | C14: 陈惠云 | D14: 4天 | F14: 4 | I14: =SUM(E14:F14) -> 4
A15: 13 | B15: 46135 | C15: 郭秋华 | D15: 4天 | F15: 4 | I15: =SUM(E15:F15) -> 4
A16: 14 | B16: 46135 | C16: 谢桂香 | D16: 4天 | E16: 2 | F16: 2 | I16: =SUM(E16:F16) -> 4
A17: 15 | B17: 46135 | C17: 付嘉良 | D17: 4天 | E17: 4 | I17: =SUM(E17:F17) -> 4
A18: 16 | B18: 46135 | C18: 钟振锋2 | D18: 4天 | F18: 4 | I18: =SUM(E18:F18) -> 4
A19: 17 | B19: 46135 | C19: 冯秀群 | D19: 4天 | E19: 4 | I19: =SUM(E19:F19) -> 4
E21: =SUM(E3:E20) -> 22 | F21: =SUM(F3:F20) -> 46
I22: =SUM(I3:I21) -> 68
