Workbook

Sheet 老师
A1: 2026春季石牯塘中学教职工巴氏鲜奶补贴订购申请表（20份起送，特殊申请除外
A2: 本学期3月15日前订购一份赠送1本笔记本+1支花梨木圆珠笔
A3: 序号 | B3: 职工姓名 | C3: 联系电话 | D3: 订购种类（打√） | F3: 订购份数（100盒/210元） | H3: 备注
D4: 鲜奶（ ） 保质期7天 | E4: 乳酸（ ） 保质期15天 | F4: 市场原价 （3.5元/盒） | G4: 职工优惠价6折购 （2.1元/盒） | H4: 如果二个打√就各50支 | I4: 份数 | J4: 合计 | K4: 收费情况
A5: 1 | B5: 黄海英 | C5: 15219098283 | D5: √ | E5: √ | F5: 350 | G5: 210 | I5: 1 | J5: =I5*G5 -> 210 | K5: 已收款
A6: 2 | B6: 巫多声 | C6: 13542459545 | E6: √ | F6: 350 | G6: 210 | I6: 1 | J6: =I6*G6 -> 210 | K6: 已收款
A7: 3 | B7: 巫巧基 | C7: 13642525953 | E7: ✓ | F7: 350 | G7: 210 | I7: 1 | J7: =I7*G7 -> 210 | K7: 已收款
A8: 4 | B8: 侯添娣 | C8: 15975897810 | D8: ✔ | F8: 350 | G8: 210 | I8: 1 | J8: =I8*G8 -> 210 | K8: 已收款
A9: 5 | B9: 黄忠贵 | C9: 13610509116 | E9: ✔ | F9: 350 | G9: 210 | I9: 1 | J9: =I9*G9 -> 210 | L9: 已电话通知
A10: 6 | B10: 李艳芳1 | C10: 13729666013 | D10: ✓ | F10: 350 | G10: 210 | I10: 1 | J10: =I10*G10 -> 210 | K10: 已收款
A11: 7 | B11: 李锦维 | C11: 15975866218 | E11: √ | F11: 350 | G11: 210 | I11: 1 | J11: =I11*G11 -> 210 | K11: 已收款
A12: 8 | B12: 郭伙娣 | C12: 13727163828 | E12: ✓ | F12: 350 | G12: 210 | I12: 1 | J12: =I12*G12 -> 210 | K12: 已收款
A13: 9 | B13: 李保萍 | C13: 15915155225 | D13: √鲜奶 | E13: √ | F13: 350 | G13: 210 | I13: 1 | J13: =I13*G13 -> 210 | K13: 已收款
A14: 10 | B14: 邵金华 | C14: 13326555628 | D14: ✓ | F14: 350 | G14: 210 | H14: 已收款 | I14: 1 | J14: =I14*G14 -> 210 | K14: 已收款
A15: 11 | B15: 李金凤 | D15: √ | F15: 350 | G15: 210 | H15: 3/12加单 | I15: 1 | J15: =I15*G15 -> 210 | K15: 已收款
A16: 12 | B16: 卜桂洲 | E16: √ | F16: 350 | G16: 210 | H16: 3/12加单 | I16: 1 | J16: =I16*G16 -> 210 | K16: 已收款
A17: 13 | B17: 赖冬梅 | C17: 13679537933 | E17: √ | F17: 350 | G17: 210 | H17: 3/12加单 | I17: 1 | J17: =I17*G17 -> 210 | K17: 已收款
A18: 14 | B18: 李金莲 | C18: 15019336773 | D18: √ | E18: √ | F18: 350 | G18: 210 | H18: 3/12加单，酸奶、鲜奶各半 | I18: 1 | J18: =I18*G18 -> 210 | K18: 已收款
A19: 15 | B19: 巫巧基2 | C19: 13642525953 | E19: √ | F19: 350 | G19: 210 | H19: 3/12加订1份酸奶 | I19: 1 | J19: =I19*G19 -> 210 | K19: 已收款
A20: 16 | B20: 李艳芳2 | C20: 13729666013 | E20: √ | F20: 350 | G20: 210 | H20: 3/12加单 | I20: 1 | J20: =I20*G20 -> 210 | K20: 已收款
A21: 17 | B21: 何立新 | E21: √ | F21: 350 | G21: 210 | H21: 3/10群里加单（未登记），16号起送 | I21: 1 | J21: =I21*G21 -> 210 | K21: 已收款
A22: 18 | B22: 吴阳聪 | F22: 350 | G22: 210 | H22: 3.20新增 | I22: 1 | J22: =I22*G22 -> 210 | K22: 已收款
A23: 19 | B23: 李金凤2 | E23: √ | F23: 350 | G23: 210 | H23: 已收款 | I23: 1 | J23: =I23*G23 -> 210 | K23: 已收款
A24: 20 | B24: 李金凤3 | E24: √ | F24: 350 | G24: 210 | H24: 已收款 | I24: 1 | J24: =I24*G24 -> 210 | K24: 已收款
A25: 21 | F25: 350 | G25: 210
A26: 22 | F26: 350 | G26: 210
A27: 23 | F27: 350 | G27: 210
A28: 24 | F28: 350 | G28: 210
A29: 31 | F29: 350 | G29: 210
A30: 32 | F30: 350 | G30: 210
A31: 33 | F31: 350 | G31: 210
A32: 34 | F32: 350 | G32: 210
A33: 35 | F33: 350 | G33: 210
A34: 36 | F34: 350 | G34: 210
A35: 37 | F35: 350 | G35: 210
A36: 38 | F36: 350 | G36: 210
... A43: 45 | F43: 350 | G43: 210

Sheet 领奶表
A1: 英德市石牯塘中学教师鲜奶领奶表
A2: （ ）月份（填写领取数量/盒）
A3: 序号 | B3: 姓名 | C3: 1 | D3: 2 | E3: 3 | F3: 4 | G3: 5 | H3: 6 | I3: 7 | J3: 8 | K3: 9 | L3: 10 | M3: 11 | N3: 12 | O3: 13 | P3: 14 | Q3: 15 | R3: 16 | S3: 17 | T3: 18 | U3: 19 | V3: 20 | W3: 21 | X3: 22 | Y3: 23 | Z3: 24 | AA3: 25 | AB3: 26 | AC3: 27 | AD3: 28 | AE3: 29 | AF3: 30
A4: 1
A5: 2
A6: 3
A7: 13
A8: 14
A9: 15
A10: 16
A11: 17
A12: 18

Sheet 签收
A1: 石牯塘中学教师鲜奶赠品领取表
A2: 序号 | B2: 配送日期 | C2: 职工姓名 | D2: 礼品份数 （笔记本+笔） | E2: 签名 | F2: 备注
A3: 1 | B3: 46093 | C3: 黄海英 | D3: 1
A4: 2 | B4: 46093 | C4: 巫多声 | D4: 1
A5: 3 | B5: 46093 | C5: 巫巧基 | D5: 1
A6: 4 | B6: 46093 | C6: 侯添娣 | D6: 1
A7: 5 | B7: 46093 | C7: 黄忠贵 | D7: 1
A8: 6 | B8: 46093 | C8: 李艳芳 | D8: 1
A9: 7 | B9: 46093 | C9: 李锦维 | D9: 1
A10: 8 | B10: 46093 | C10: 郭伙娣 | D10: 1
A11: 9 | B11: 46093 | C11: 李保萍 | D11: 1
A12: 10 | B12: 46093 | C12: 邵金华 | D12: 1
C13: 李金凤 | D13: 1 | F13: 3/30送
C14: 卜桂洲 | D14: 1 | F14: 3/30送
C15: 赖冬梅 | D15: 1 | F15: 3/30送
C16: 李金莲 | D16: 1 | F16: 3/30送
C17: 何立新 | D17: 1 | F17: 3/30送
C18: 李艳芳2 | D18: 1
D19: =SUM(D13:D18) -> 6

Sheet 配送汇总
A1: 英德市石牯塘中学教师鲜奶领奶表
A2: 序号 | B2: 姓名 | C2: 订购份数 | D2: 46090 | E2: 46093 | F2: 46097 | G2: 46100 | H2: 46104 | I2: 46107 | J2: 46111 | K2: 46114 | L2: 46119 | M2: 46121 | N2: 46125 | O2: 46128 | P2: 46132 | Q2: 46135 | R2: 46139 | S2: 46142 | U2: 总计 | V2: 剩余
A3: 1 | B3: 黄海英 | C3: 100 | D3: 3 | E3: 4 | F3: 3 | G3: 4 | H3: 3 | I3: 4 | J3: 3 | K3: 4 | L3: 3 | M3: 4 | N3: 3 | O3: =SUMIF('4.16'!$C$3:C22,B3,'4.16'!$I$3:I20) -> 4 | P3: =SUMIF('4.20'!$C$3:D22,B3,'4.20'!$I$3:J20) -> 3 | Q3: =SUMIF('4.23'!$C$3:E22,B3,'4.23'!$I$3:K22) -> 4 | R3: =SUMIF('4.27'!$C$3:F22,B3,'4.27'!$I$3:L20) -> 3 | S3: =SUMIF('4.30'!$C$3:G22,B3,'4.30'!$I$3:M20) -> 4 | U3: =SUM(D3:T3) -> 56 | V3: =C3-U3 -> 44
A4: 2 | B4: 巫多声 | C4: 100 | D4: 3 | E4: 4 | F4: 3 | G4: 4 | H4: 3 | I4: 4 | J4: 3 | K4: 4 | L4: 3 | M4: 4 | N4: 3 | O4: =SUMIF('4.16'!$C$3:C23,B4,'4.16'!$I$3:I21) -> 4 | P4: =SUMIF('4.20'!$C$3:D23,B4,'4.20'!$I$3:J21) -> 3 | Q4: =SUMIF('4.23'!$C$3:E23,B4,'4.23'!$I$3:K23) -> 4 | R4: =SUMIF('4.27'!$C$3:F23,B4,'4.27'!$I$3:L21) -> 3 | S4: =SUMIF('4.30'!$C$3:G23,B4,'4.30'!$I$3:M21) -> 4 | U4: =SUM(D4:T4) -> 56 | V4: =C4-U4 -> 44
A5: 3 | B5: 巫巧基1 | C5: 100 | D5: 3 | E5: 4 | F5: 3 | G5: 4 | H5: 3 | I5: 4 | J5: 3 | K5: 4 | L5: 3 | M5: 4 | N5: 3 | O5: =SUMIF('4.16'!$C$3:C24,B5,'4.16'!$I$3:I22) -> 4 | P5: =SUMIF('4.20'!$C$3:D24,B5,'4.20'!$I$3:J22) -> 3 | Q5: =SUMIF('4.23'!$C$3:E24,B5,'4.23'!$I$3:K24) -> 4 | R5: =SUMIF('4.27'!$C$3:F24,B5,'4.27'!$I$3:L22) -> 3 | S5: =SUMIF('4.30'!$C$3:G24,B5,'4.30'!$I$3:M22) -> 4 | U5: =SUM(D5:T5) -> 56 | V5: =C5-U5 -> 44
A6: 4 | B6: 侯添娣 | C6: 100 | D6: 3 | E6: 4 | F6: 3 | G6: 4 | H6: 3 | I6: 4 | J6: 3 | K6: 4 | L6: 3 | M6: 4 | N6: 3 | O6: =SUMIF('4.16'!$C$3:C25,B6,'4.16'!$I$3:I23) -> 4 | P6: =SUMIF('4.20'!$C$3:D25,B6,'4.20'!$I$3:J23) -> 3 | Q6: =SUMIF('4.23'!$C$3:E25,B6,'4.23'!$I$3:K25) -> 4 | R6: =SUMIF('4.27'!$C$3:F25,B6,'4.27'!$I$3:L23) -> 3 | S6: =SUMIF('4.30'!$C$3:G25,B6,'4.30'!$I$3:M23) -> 4 | U6: =SUM(D6:T6) -> 56 | V6: =C6-U6 -> 44
A7: 5 | B7: 黄忠贵 | C7: 100 | D7: 3 | E7: 4 | F7: 3 | G7: 4 | H7: 3 | I7: 4 | J7: 3 | K7: 4 | L7: 3 | M7: 4 | N7: 3 | O7: =SUMIF('4.16'!$C$3:C26,B7,'4.16'!$I$3:I24) -> 4 | P7: =SUMIF('4.20'!$C$3:D26,B7,'4.20'!$I$3:J24) -> 3 | Q7: =SUMIF('4.23'!$C$3:E26,B7,'4.23'!$I$3:K26) -> 4 | R7: =SUMIF('4.27'!$C$3:F26,B7,'4.27'!$I$3:L24) -> 3 | S7: =SUMIF('4.30'!$C$3:G26,B7,'4.30'!$I$3:M24) -> 4 | U7: =SUM(D7:T7) -> 56 | V7: =C7-U7 -> 44
A8: 6 | B8: 李艳芳1 | C8: 100 | D8: 3 | E8: 4 | F8: 3 | G8: 4 | H8: 3 | I8: 4 | J8: 3 | K8: 4 | L8: 3 | M8: 4 | N8: 3 | O8: =SUMIF('4.16'!$C$3:C27,B8,'4.16'!$I$3:I25) -> 4 | P8: =SUMIF('4.20'!$C$3:D27,B8,'4.20'!$I$3:J25) -> 3 | Q8: =SUMIF('4.23'!$C$3:E27,B8,'4.23'!$I$3:K27) -> 4 | R8: =SUMIF('4.27'!$C$3:F27,B8,'4.27'!$I$3:L25) -> 3 | S8: =SUMIF('4.30'!$C$3:G27,B8,'4.30'!$I$3:M25) -> 4 | U8: =SUM(D8:T8) -> 56 | V8: =C8-U8 -> 44
A9: 7 | B9: 李锦维 | C9: 100 | D9: 3 | E9: 4 | F9: 3 | G9: 4 | H9: 3 | I9: 4 | J9: 3 | K9: 4 | L9: 3 | M9: 4 | N9: 3 | O9: =SUMIF('4.16'!$C$3:C28,B9,'4.16'!$I$3:I26) -> 4 | P9: =SUMIF('4.20'!$C$3:D28,B9,'4.20'!$I$3:J26) -> 3 | Q9: =SUMIF('4.23'!$C$3:E28,B9,'4.23'!$I$3:K28) -> 4 | R9: =SUMIF('4.27'!$C$3:F28,B9,'4.27'!$I$3:L26) -> 3 | S9: =SUMIF('4.30'!$C$3:G28,B9,'4.30'!$I$3:M26) -> 4 | U9: =SUM(D9:T9) -> 56 | V9: =C9-U9 -> 44
A10: 8 | B10: 郭伙娣 | C10: 100 | D10: 3 | E10: 4 | F10: 3 | G10: 4 | H10: 3 | I10: 4 | J10: 3 | K10: 4 | L10: 3 | M10: 4 | N10: 3 | O10: =SUMIF('4.16'!$C$3:C29,B10,'4.16'!$I$3:I27) -> 4 | P10: =SUMIF('4.20'!$C$3:D29,B10,'4.20'!$I$3:J27) -> 3 | Q10: =SUMIF('4.23'!$C$3:E29,B10,'4.23'!$I$3:K29) -> 4 | R10: =SUMIF('4.27'!$C$3:F29,B10,'4.27'!$I$3:L27) -> 3 | S10: =SUMIF('4.30'!$C$3:G29,B10,'4.30'!$I$3:M27) -> 4 | U10: =SUM(D10:T10) -> 56 | V10: =C10-U10 -> 44
A11: 9 | B11: 李保萍 | C11: 100 | D11: 3 | E11: 4 | F11: 3 | G11: 4 | H11: 3 | I11: 4 | J11: 3 | K11: 4 | L11: 3 | M11: 4 | N11: 3 | O11: =SUMIF('4.16'!$C$3:C30,B11,'4.16'!$I$3:I28) -> 4 | P11: =SUMIF('4.20'!$C$3:D30,B11,'4.20'!$I$3:J28) -> 3 | Q11: =SUMIF('4.23'!$C$3:E30,B11,'4.23'!$I$3:K30) -> 4 | R11: =SUMIF('4.27'!$C$3:F30,B11,'4.27'!$I$3:L28) -> 3 | S11: =SUMIF('4.30'!$C$3:G30,B11,'4.30'!$I$3:M28) -> 4 | U11: =SUM(D11:T11) -> 56 | V11: =C11-U11 -> 44
A12: 10 | B12: 邵金华 | C12: 100 | D12: 3 | E12: 4 | F12: 3 | G12: 4 | H12: 3 | I12: 4 | J12: 3 | K12: 4 | L12: 3 | M12: 4 | N12: 3 | O12: =SUMIF('4.16'!$C$3:C31,B12,'4.16'!$I$3:I29) -> 4 | P12: =SUMIF('4.20'!$C$3:D31,B12,'4.20'!$I$3:J29) -> 3 | Q12: =SUMIF('4.23'!$C$3:E31,B12,'4.23'!$I$3:K31) -> 4 | R12: =SUMIF('4.27'!$C$3:F31,B12,'4.27'!$I$3:L29) -> 3 | S12: =SUMIF('4.30'!$C$3:G31,B12,'4.30'!$I$3:M29) -> 4 | U12: =SUM(D12:T12) -> 56 | V12: =C12-U12 -> 44
A13: 11 | B13: 李金凤 | C13: 100 | D13: 0 | E13: 0 | F13: 6 | G13: 8 | H13: 3 | I13: 4 | J13: 3 | K13: 4 | L13: 3 | M13: 4 | N13: 3 | O13: =SUMIF('4.16'!$C$3:C32,B13,'4.16'!$I$3:I30) -> 4 | P13: =SUMIF('4.20'!$C$3:D32,B13,'4.20'!$I$3:J30) -> 3 | Q13: =SUMIF('4.23'!$C$3:E32,B13,'4.23'!$I$3:K32) -> 4 | R13: =SUMIF('4.27'!$C$3:F32,B13,'4.27'!$I$3:L30) -> 3 | S13: =SUMIF('4.30'!$C$3:G32,B13,'4.30'!$I$3:M30) -> 4 | U13: =SUM(D13:T13) -> 56 | V13: =C13-U13 -> 44
A14: 12 | B14: 卜桂洲 | C14: 100 | D14: 0 | E14: 0 | F14: 6 | G14: 8 | H14: 3 | I14: 4 | J14: 3 | K14: 4 | L14: 3 | M14: 4 | N14: 3 | O14: =SUMIF('4.16'!$C$3:C33,B14,'4.16'!$I$3:I31) -> 4 | P14: =SUMIF('4.20'!$C$3:D33,B14,'4.20'!$I$3:J31) -> 3 | Q14: =SUMIF('4.23'!$C$3:E33,B14,'4.23'!$I$3:K33) -> 4 | R14: =SUMIF('4.27'!$C$3:F33,B14,'4.27'!$I$3:L31) -> 3 | S14: =SUMIF('4.30'!$C$3:G33,B14,'4.30'!$I$3:M31) -> 4 | U14: =SUM(D14:T14) -> 56 | V14: =C14-U14 -> 44
... A19: 17 | B19: 李艳芳2 | C19: 100 | D19: 0 | E19: 0 | F19: 6 | G19: 8 | H19: 3 | I19: 4 | J19: 3 | K19: 4 | L19: 3 | M19: 4 | N19: 3 | O19: =SUMIF('4.16'!$C$3:C38,B19,'4.16'!$I$3:I36) -> 4 | P19: =SUMIF('4.20'!$C$3:D38,B19,'4.20'!$I$3:J36) -> 3 | Q19: =SUMIF('4.23'!$C$3:E38,B19,'4.23'!$I$3:K38) -> 4 | R19: =SUMIF('4.27'!$C$3:F38,B19,'4.27'!$I$3:L36) -> 3 | S19: =SUMIF('4.30'!$C$3:G38,B19,'4.30'!$I$3:M36) -> 4 | U19: =SUM(D19:T19) -> 56 | V19: =C19-U19 -> 44
A20: 18 | B20: 吴阳聪 | C20: 100 | D20: 0 | E20: 0 | F20: 0 | G20: 0 | H20: 3 | I20: 8 | J20: 6 | K20: 5 | L20: 4 | M20: 5 | N20: 4 | O20: 5 | P20: =SUMIF('4.20'!$C$3:D39,B20,'4.20'!$I$3:J37) -> 3 | Q20: 5 | R20: =SUMIF('4.27'!$C$3:F39,B20,'4.27'!$I$3:L37) -> 3 | S20: 5 | U20: =SUM(D20:T20) -> 56 | V20: =C20-U20 -> 44
A21: 19 | B21: 李金凤2 | C21: 100 | D21: 0 | E21: 0 | F21: 0 | G21: 0 | H21: 0 | I21: 4 | J21: 6 | K21: 8 | L21: 6 | M21: 8 | N21: 6 | O21: =SUMIF('4.16'!$C$3:C40,B21,'4.16'!$I$3:I38) -> 4 | P21: =SUMIF('4.20'!$C$3:D40,B21,'4.20'!$I$3:J38) -> 3 | Q21: =SUMIF('4.23'!$C$3:E40,B21,'4.23'!$I$3:K40) -> 4 | R21: =SUMIF('4.27'!$C$3:F40,B21,'4.27'!$I$3:L38) -> 3 | S21: =SUMIF('4.30'!$C$3:G40,B21,'4.30'!$I$3:M38) -> 4 | U21: =SUM(D21:T21) -> 56 | V21: =C21-U21 -> 44
A22: 20 | B22: 李金凤3 | C22: 100 | D22: 0 | E22: 0 | F22: 0 | G22: 0 | H22: 0 | I22: 4 | J22: 6 | K22: 8 | L22: 6 | M22: 8 | N22: 6 | O22: =SUMIF('4.16'!$C$3:C41,B22,'4.16'!$I$3:I39) -> 4 | P22: =SUMIF('4.20'!$C$3:D41,B22,'4.20'!$I$3:J39) -> 3 | Q22: =SUMIF('4.23'!$C$3:E41,B22,'4.23'!$I$3:K41) -> 4 | R22: =SUMIF('4.27'!$C$3:F41,B22,'4.27'!$I$3:L39) -> 3 | S22: =SUMIF('4.30'!$C$3:G41,B22,'4.30'!$I$3:M39) -> 4 | U22: =SUM(D22:T22) -> 56 | V22: =C22-U22 -> 44
A23: 21 | U23: =SUM(D23:T23) -> 0 | V23: =C23-U23 -> 0
A24: 22 | D24: =SUM(D3:D23) -> 30 | E24: =SUM(E3:E23) -> 40 | F24: =SUM(F3:F23) -> 72 | G24: =SUM(G3:G23) -> 96 | H24: =SUM(H3:H23) -> 54 | I24: =SUM(I3:I23) -> 84 | J24: =SUM(J3:J23) -> 69 | K24: =SUM(K3:K23) -> 89 | ... S24: =SUM(S3:S23) -> 81
A25: 23 | U25: =SUM(D25:T25) -> 0 | V25: =C25-U25 -> 0
A26: 24 | U26: =SUM(D26:T26) -> 0 | V26: =C26-U26 -> 0
A27: 25 | U27: =SUM(D27:T27) -> 0 | V27: =C27-U27 -> 0
A28: 26 | U28: =SUM(D28:T28) -> 0 | V28: =C28-U28 -> 0
A29: 27 | U29: =SUM(D29:T29) -> 0 | V29: =C29-U29 -> 0
A30: 28 | U30: =SUM(D30:T30) -> 0 | V30: =C30-U30 -> 0
A31: 29 | U31: =SUM(D31:T31) -> 0 | V31: =C31-U31 -> 0
A32: 30 | U32: =SUM(D32:T32) -> 0 | V32: =C32-U32 -> 0
V33: =C33-U33 -> 0
V34: =C34-U34 -> 0
V35: =C35-U35 -> 0

Sheet 3.9
A1: 石牯塘中学教师鲜奶领奶表
A2: 序号 | B2: 配送日期 | C2: 职工姓名 | D2: 配送天数 | E2: 鲜 | F2: 酸 | G2: 备注
A3: 1 | B3: 46090 | C3: 黄海英 | D3: 3天 | E3: 2 | F3: 1
A4: 2 | B4: 46090 | C4: 巫多声 | D4: 3天 | F4: 3
A5: 3 | B5: 46090 | C5: 巫巧基 | D5: 3天 | F5: 3
A6: 4 | B6: 46090 | C6: 侯添娣 | D6: 3天 | E6: 3
A7: 5 | B7: 46090 | C7: 黄忠贵 | D7: 3天 | F7: 3
A8: 6 | B8: 46090 | C8: 李艳芳 | D8: 3天 | E8: 2 | F8: 1
A9: 7 | B9: 46090 | C9: 李锦维 | D9: 3天 | F9: 3
A10: 8 | B10: 46090 | C10: 郭伙娣 | D10: 3天 | F10: 3
A11: 9 | B11: 46090 | C11: 李保萍 | D11: 3天 | E11: 2 | F11: 1
A12: 10 | B12: 46090 | C12: 邵金华 | D12: 3天 | E12: 3
E15: =SUM(E3:E14) -> 12 | F15: =SUM(F3:F14) -> 18

Sheet 3.12
A1: 石牯塘中学教师鲜奶领奶表
A2: 序号 | B2: 配送日期 | C2: 职工姓名 | D2: 配送天数 | E2: 鲜 | F2: 酸 | G2: 备注
A3: 1 | B3: 46093 | C3: 黄海英 | D3: 4天 | E3: 2 | F3: 2
A4: 2 | B4: 46093 | C4: 巫多声 | D4: 4天 | F4: 4
A5: 3 | B5: 46093 | C5: 巫巧基 | D5: 4天 | F5: 4
A6: 4 | B6: 46093 | C6: 侯添娣 | D6: 4天 | E6: 4
A7: 5 | B7: 46093 | C7: 黄忠贵 | D7: 4天 | F7: 4
A8: 6 | B8: 46093 | C8: 李艳芳 | D8: 4天 | E8: 2 | F8: 2
A9: 7 | B9: 46093 | C9: 李锦维 | D9: 4天 | F9: 4
A10: 8 | B10: 46093 | C10: 郭伙娣 | D10: 4天 | F10: 4
A11: 9 | B11: 46093 | C11: 李保萍 | D11: 4天 | E11: 2 | F11: 2
A12: 10 | B12: 46093 | C12: 邵金华 | D12: 4天 | E12: 4
E15: =SUM(E3:E14) -> 14 | F15: =SUM(F3:F14) -> 26

Sheet 3.16
A1: 石牯塘中学教师鲜奶领奶表
A2: 序号 | B2: 配送日期 | C2: 职工姓名 | D2: 配送天数 | E2: 鲜 | F2: 酸 | G2: 备注
A3: 1 | B3: 46097 | C3: 黄海英 | D3: 3天 | E3: 2 | F3: 1
A4: 2 | B4: 46097 | C4: 巫多声 | D4: 3天 | F4: 3
A5: 3 | B5: 46097 | C5: 巫巧基1 | D5: 3天 | F5: 3
A6: 4 | B6: 46097 | C6: 侯添娣 | D6: 3天 | E6: 3
A7: 5 | B7: 46097 | C7: 黄忠贵 | D7: 3天 | F7: 3
A8: 6 | B8: 46097 | C8: 李艳芳1 | D8: 3天 | E8: 3
A9: 7 | B9: 46097 | C9: 李艳芳2 | D9: 3天 | F9: 3 | H9: 6
A10: 8 | B10: 46097 | C10: 李锦维 | D10: 3天 | F10: 3
A11: 9 | B11: 46097 | C11: 郭伙娣 | D11: 3天 | F11: 3
A12: 10 | B12: 46097 | C12: 李保萍 | D12: 3天 | E12: 2 | F12: 1
A13: 11 | B13: 46097 | C13: 邵金华 | D13: 3天 | E13: 3
A14: 12 | B14: 46097 | C14: 李金凤 | D14: 3天 | E14: 3
A15: 13 | B15: 46097 | C15: 卜桂洲 | D15: 3天 | F15: 3
A16: 16 | B16: 46097 | C16: 赖冬梅 | D16: 3天 | F16: 3
A17: 18 | B17: 46097 | C17: 李金莲 | D17: 3天 | E17: 2 | F17: 1
A18: 20 | B18: 46097 | C18: 巫巧基2 | D18: 3天 | F18: 3 | H18: 6
A19: 21 | B19: 46097 | C19: 何立新 | D19: 3天 | F19: 3 | H19: 巫巧基数据做多，给何立新
A20: 19 | B20: 46097 | C20: 李金莲 | D20: 3天 | E20: 2 | F20: 1 | G20: 补发
A21: 17 | B21: 46097 | C21: 赖冬梅 | D21: 3天 | F21: 3 | G21: 补发
A22: 14 | B22: 46097 | C22: 李金凤 | D22: 3天 | E22: 3 | G22: 补发
A23: 15 | B23: 46097 | C23: 卜桂洲 | D23: 3天 | F23: 3 | G23: 补发
A24: 22 | B24: 46097 | C24: 巫巧基2 | D24: 3天 | F24: 3 | G24: 补发
A25: 23 | B25: 46097 | C25: 何立新 | D25: 3天 | F25: 3 | G25: 补发 | H25: 巫巧基数据做多，给何立新
A26: 24 | B26: 46097 | C26: 李艳芳2 | D26: 3天 | E26: 2 | F26: 1 | G26: 补发 | H26: 6
E28: =SUM(E3:E27) -> 25 | F28: =SUM(F3:F27) -> 47

Sheet 3.19
A1: 石牯塘中学教师鲜奶领奶表
A2: 序号 | B2: 配送日期 | C2: 职工姓名 | D2: 配送天数 | E2: 鲜 | F2: 酸 | G2: 备注
A3: 1 | B3: 46100 | C3: 黄海英 | D3: 4天 | E3: 2 | F3: 2
A4: 2 | B4: 46100 | C4: 巫多声 | D4: 4天 | F4: 4
A5: 3 | B5: 46100 | C5: 巫巧基1 | D5: 4天 | F5: 4
A6: 4 | B6: 46100 | C6: 巫巧基2 | D6: 4天 | F6: 4 | H6: 8
A7: 5 | B7: 46100 | C7: 侯添娣 | D7: 4天 | E7: 4
A8: 6 | B8: 46100 | C8: 黄忠贵 | D8: 4天 | F8: 4
A9: 7 | B9: 46100 | C9: 李艳芳 | D9: 4天 | E9: 4
A10: 8 | B10: 46097 | C10: 李艳芳2 | D10: 4天 | F10: 4
A11: 9 | B11: 46100 | C11: 李锦维 | D11: 4天 | F11: 4
A12: 10 | B12: 46100 | C12: 郭伙娣 | D12: 4天 | F12: 4
A13: 11 | B13: 46100 | C13: 李保萍 | D13: 4天 | E13: 2 | F13: 2
A14: 12 | B14: 46100 | C14: 邵金华 | D14: 4天 | E14: 4
A15: 13 | B15: 46100 | C15: 李金凤 | D15: 4天 | E15: 4 | H15: 8
A16: 14 | B16: 46100 | C16: 卜桂洲 | D16: 4天 | F16: 4 | H16: 8
A17: 15 | B17: 46100 | C17: 赖冬梅 | D17: 4天 | F17: 4 | H17: 8
A18: 16 | B18: 46100 | C18: 李金莲 | D18: 4天 | E18: 2 | F18: 2 | H18: 8
A19: 17 | B19: 46100 | C19: 何立新 | D19: 4天 | F19: 4
A20: 18 | B20: 46100 | C20: 李金莲 | D20: 4天 | E20: 2 | F20: 2 | G20: 补发
A21: 19 | B21: 46100 | C21: 赖冬梅 | D21: 4天 | F21: 4 | G21: 补发
A22: 20 | B22: 46100 | C22: 李金凤 | D22: 4天 | E22: 4 | G22: 补发
A23: 21 | B23: 46100 | C23: 卜桂洲 | D23: 4天 | F23: 4 | G23: 补发
A24: 22 | B24: 46100 | C24: 巫巧基2 | D24: 4天 | F24: 4 | G24: 补发
A25: 23 | B25: 46100 | C25: 李艳芳2 | D25: 4天 | E25: 2 | F25: 2 | G25: 补发
B26: 46100 | C26: 何立新 | D26: 补发 | F26: 4 | G26: 补发
E28: =SUM(E3:E27) -> 30 | F28: =SUM(F3:F27) -> 66

Sheet 3.23
A1: 石牯塘中学教师鲜奶领奶表
A2: 序号 | B2: 配送日期 | C2: 职工姓名 | D2: 配送天数 | E2: 鲜 | F2: 酸 | G2: 备注
A3: 1 | B3: 46104 | C3: 黄海英 | D3: 3天 | E3: 2 | F3: 1 | G3: 3.30起2酸1鲜
A4: 2 | B4: 46104 | C4: 巫多声 | D4: 3天 | F4: 3
A5: 3 | B5: 46104 | C5: 巫巧基1 | D5: 3天 | F5: 3
A6: 4 | B6: 46104 | C6: 侯添娣 | D6: 3天 | E6: 3
A7: 5 | B7: 46104 | C7: 黄忠贵 | D7: 3天 | F7: 3
A8: 6 | B8: 46104 | C8: 李艳芳1 | D8: 3天 | E8: 3
A9: 7 | B9: 46104 | C9: 李艳芳2 | D9: 3天 | F9: 3
A10: 8 | B10: 46104 | C10: 李锦维 | D10: 3天 | F10: 3
A11: 9 | B11: 46104 | C11: 郭伙娣 | D11: 3天 | F11: 3
A12: 10 | B12: 46104 | C12: 李保萍 | D12: 3天 | E12: 2 | F12: 1
A13: 11 | B13: 46104 | C13: 邵金华 | D13: 3天 | E13: 3
A14: 12 | B14: 46104 | C14: 李金凤 | D14: 3天 | E14: 3
A15: 13 | B15: 46104 | C15: 卜桂洲 | D15: 3天 | F15: 3
A16: 14 | B16: 46104 | C16: 赖冬梅 | D16: 3天 | F16: 3
A17: 15 | B17: 46104 | C17: 李金莲 | D17: 3天 | E17: 2 | F17: 1
A18: 16 | B18: 46104 | C18: 巫巧基2 | D18: 3天 | F18: 3
A19: 17 | B19: 46104 | C19: 何立新 | D19: 3天 | F19: 3
A20: 18 | B20: 46104 | C20: 吴阳聪 | D20: 3天 | E20: 3
E25: =SUM(E3:E24) -> 21 | F25: =SUM(F3:F24) -> 33
C27: 3.21新增李金凤 另加两份酸奶 周四

Sheet 3.26
A1: 石牯塘中学教师鲜奶领奶表
A2: 序号 | B2: 配送日期 | C2: 职工姓名 | D2: 配送天数 | E2: 鲜 | F2: 酸 | G2: 备注
A3: 1 | B3: 46107 | C3: 黄海英 | D3: 4天 | E3: 2 | F3: 2 | H3: =SUM(E3:F3) -> 4
A4: 2 | B4: 46107 | C4: 巫多声 | D4: 4天 | F4: 4 | H4: =SUM(E4:F4) -> 4
A5: 3 | B5: 46107 | C5: 巫巧基1 | D5: 4天 | F5: 4 | H5: =SUM(E5:F5) -> 4
A6: 4 | B6: 46107 | C6: 侯添娣 | D6: 4天 | E6: 4 | H6: =SUM(E6:F6) -> 4
A7: 5 | B7: 46107 | C7: 黄忠贵 | D7: 4天 | F7: 4 | H7: =SUM(E7:F7) -> 4
A8: 6 | B8: 46107 | C8: 李艳芳1 | D8: 4天 | E8: 4 | H8: =SUM(E8:F8) -> 4
A9: 7 | B9: 46107 | C9: 李艳芳2 | D9: 4天 | F9: 4 | H9: =SUM(E9:F9) -> 4
A10: 8 | B10: 46107 | C10: 李锦维 | D10: 4天 | F10: 4 | H10: =SUM(E10:F10) -> 4
A11: 9 | B11: 46107 | C11: 郭伙娣 | D11: 4天 | F11: 4 | H11: =SUM(E11:F11) -> 4
A12: 10 | B12: 46107 | C12: 李保萍 | D12: 4天 | E12: 2 | F12: 2 | H12: =SUM(E12:F12) -> 4
A13: 11 | B13: 46107 | C13: 邵金华 | D13: 4天 | E13: 4 | H13: =SUM(E13:F13) -> 4
A14: 12 | B14: 46107 | C14: 李金凤1 | D14: 4天 | E14: 4 | H14: =SUM(E14:F14) -> 4
A15: 13 | B15: 46107 | C15: 卜桂洲 | D15: 4天 | F15: 4 | H15: =SUM(E15:F15) -> 4
A16: 14 | B16: 46107 | C16: 赖冬梅 | D16: 4天 | F16: 4 | H16: =SUM(E16:F16) -> 4
A17: 15 | B17: 46107 | C17: 李金莲 | D17: 4天 | E17: 2 | F17: 2 | H17: =SUM(E17:F17) -> 4
A18: 16 | B18: 46107 | C18: 巫巧基2 | D18: 4天 | F18: 4 | H18: =SUM(E18:F18) -> 4
A19: 17 | B19: 46107 | C19: 何立新 | D19: 4天 | F19: 4 | H19: =SUM(E19:F19) -> 4
A20: 18 | B20: 46107 | C20: 吴阳聪 | D20: 4天 | E20: 4 | H20: =SUM(E20:F20) -> 4
A21: 19 | B21: 46107 | C21: 吴阳聪 | D21: 4天 | E21: 4 | G21: 补发 | H21: =SUM(E21:F21) -> 4 | I21: 以后每次补发1支
A22: 20 | B22: 46107 | C22: 李金凤2 | D22: 4天 | F22: 4 | H22: =SUM(E22:F22) -> 4
A23: 21 | B23: 46107 | C23: 李金凤3 | D23: 4天 | F23: 4 | H23: =SUM(E23:F23) -> 4
E26: =SUM(E3:E25) -> 30 | F26: =SUM(F3:F25) -> 54
C28: 3.21新增李金凤 另加两份酸奶 周四

Sheet 3.30
A1: 石牯塘中学教师鲜奶领奶表
A2: 序号 | B2: 配送日期 | C2: 职工姓名 | D2: 配送天数 | E2: 鲜 | F2: 酸 | G2: 备注
A3: 1 | B3: 46111 | C3: 黄海英 | D3: 3天 | E3: 2 | F3: 1 | G3: 3.30起1鲜2酸
A4: 2 | B4: 46111 | C4: 巫多声 | D4: 3天 | F4: 3
A5: 3 | B5: 46111 | C5: 巫巧基1 | D5: 3天 | F5: 3
A6: 4 | B6: 46111 | C6: 侯添娣 | D6: 3天 | E6: 3
A7: 5 | B7: 46111 | C7: 黄忠贵 | D7: 3天 | F7: 3
A8: 6 | B8: 46111 | C8: 李艳芳1 | D8: 3天 | E8: 3
A9: 7 | B9: 46111 | C9: 李艳芳2 | D9: 3天 | F9: 3
A10: 8 | B10: 46111 | C10: 李锦维 | D10: 3天 | F10: 3
A11: 9 | B11: 46111 | C11: 郭伙娣 | D11: 3天 | F11: 3
A12: 10 | B12: 46111 | C12: 李保萍 | D12: 3天 | E12: 2 | F12: 1
A13: 11 | B13: 46111 | C13: 邵金华 | D13: 3天 | E13: 3
A14: 12 | B14: 46111 | C14: 李金凤 | D14: 3天 | E14: 3
A15: 13 | B15: 46111 | C15: 卜桂洲 | D15: 3天 | F15: 3
A16: 14 | B16: 46111 | C16: 赖冬梅 | D16: 3天 | F16: 3
A17: 15 | B17: 46111 | C17: 李金莲 | D17: 3天 | E17: 2 | F17: 1
A18: 16 | B18: 46111 | C18: 巫巧基2 | D18: 3天 | F18: 3
A19: 17 | B19: 46111 | C19: 何立新 | D19: 3天 | F19: 3
A20: 18 | B20: 46111 | C20: 吴阳聪 | D20: 3天 | E20: 3
A21: 19 | B21: 46111 | C21: 吴阳聪 | D21: 3天 | E21: 3 | G21: 补发 | H21: 以后每次补发1支，补到与其他老师一致
A22: 20 | B22: 46111 | C22: 李金凤2 | D22: 3天 | F22: 3
A23: 21 | B23: 46111 | C23: 李金凤3 | D23: 3天 | F23: 3
A24: 22 | B24: 46111 | C24: 李金凤2 | D24: 3天 | F24: 3 | G24: 补发 | H24: 补到与其他老师一致
A25: 23 | B25: 46111 | C25: 李金凤3 | D25: 3天 | F25: 3 | G25: 补发 | H25: 补到与其他老师一致
E28: =SUM(E3:E27) -> 24 | F28: =SUM(F3:F27) -> 45

Sheet 4.2
A1: 石牯塘中学教师鲜奶领奶表
A2: 序号 | B2: 配送日期 | C2: 职工姓名 | D2: 配送天数 | E2: 鲜 | F2: 酸 | G2: 备注
A3: 1 | B3: 46114 | C3: 黄海英 | D3: 4天 | E3: 2 | F3: 2 | G3: 周一1鲜2酸
A4: 2 | B4: 46114 | C4: 巫多声 | D4: 4天 | F4: 4
A5: 3 | B5: 46114 | C5: 巫巧基1 | D5: 4天 | F5: 4
A6: 4 | B6: 46114 | C6: 侯添娣 | D6: 4天 | E6: 4
A7: 5 | B7: 46114 | C7: 黄忠贵 | D7: 4天 | F7: 4
A8: 6 | B8: 46114 | C8: 李艳芳1 | D8: 4天 | E8: 4
A9: 7 | B9: 46114 | C9: 李艳芳2 | D9: 4天 | F9: 4
A10: 8 | B10: 46114 | C10: 李锦维 | D10: 4天 | F10: 4
A11: 9 | B11: 46114 | C11: 郭伙娣 | D11: 4天 | F11: 4
A12: 10 | B12: 46114 | C12: 李保萍 | D12: 4天 | E12: 2 | F12: 2
A13: 11 | B13: 46114 | C13: 邵金华 | D13: 4天 | E13: 4
A14: 12 | B14: 46114 | C14: 李金凤 | D14: 4天 | E14: 4
A15: 13 | B15: 46114 | C15: 卜桂洲 | D15: 4天 | F15: 4
A16: 14 | B16: 46114 | C16: 赖冬梅 | D16: 4天 | F16: 4
A17: 15 | B17: 46114 | C17: 李金莲 | D17: 4天 | E17: 2 | F17: 2
A18: 16 | B18: 46114 | C18: 巫巧基2 | D18: 4天 | F18: 4
A19: 17 | B19: 46114 | C19: 何立新 | D19: 4天 | F19: 4
A20: 18 | B20: 46114 | C20: 吴阳聪 | D20: 4天 | E20: 4
A21: 19 | B21: 46114 | C21: 吴阳聪 | D21: 4天 | E21: 1 | G21: 补发 | H21: 以后每次补发1支，补到与其他老师一致
A22: 20 | B22: 46114 | C22: 李金凤2 | D22: 4天 | F22: 4
A23: 21 | B23: 46114 | C23: 李金凤3 | D23: 4天 | F23: 4
A24: 22 | B24: 46114 | C24: 李金凤2 | D24: 4天 | F24: 4 | G24: 补发 | H24: 补到与其他老师一致
A25: 23 | B25: 46114 | C25: 李金凤3 | D25: 4天 | F25: 4 | G25: 补发 | H25: 补到与其他老师一致
E28: =SUM(E3:E27) -> 27 | F28: =SUM(F3:F27) -> 62

Sheet 4.7
A1: 石牯塘中学教师鲜奶领奶表
A2: 序号 | B2: 配送日期 | C2: 职工姓名 | D2: 配送天数 | E2: 鲜 | F2: 酸 | G2: 备注
A3: 1 | B3: 46119 | C3: 黄海英 | D3: 3天 | E3: 1 | F3: 2 | H3: 3.30起1鲜2酸
A4: 2 | B4: 46119 | C4: 巫多声 | D4: 3天 | F4: 3
A5: 3 | B5: 46119 | C5: 巫巧基1 | D5: 3天 | F5: 3
A6: 4 | B6: 46119 | C6: 侯添娣 | D6: 3天 | E6: 3
A7: 5 | B7: 46119 | C7: 黄忠贵 | D7: 3天 | F7: 3
A8: 6 | B8: 46119 | C8: 李艳芳1 | D8: 3天 | E8: 3
A9: 7 | B9: 46119 | C9: 李艳芳2 | D9: 3天 | F9: 3
A10: 8 | B10: 46119 | C10: 李锦维 | D10: 3天 | F10: 3
A11: 9 | B11: 46119 | C11: 郭伙娣 | D11: 3天 | F11: 3
A12: 10 | B12: 46119 | C12: 李保萍 | D12: 3天 | E12: 2 | F12: 1
A13: 11 | B13: 46119 | C13: 邵金华 | D13: 3天 | E13: 3
A14: 12 | B14: 46119 | C14: 李金凤 | D14: 3天 | E14: 3
A15: 13 | B15: 46119 | C15: 卜桂洲 | D15: 3天 | F15: 3
A16: 14 | B16: 46119 | C16: 赖冬梅 | D16: 3天 | F16: 3
A17: 15 | B17: 46119 | C17: 李金莲 | D17: 3天 | E17: 2 | F17: 1
A18: 16 | B18: 46119 | C18: 巫巧基2 | D18: 3天 | F18: 3
A19: 17 | B19: 46119 | C19: 何立新 | D19: 3天 | F19: 3
A20: 18 | B20: 46119 | C20: 吴阳聪 | D20: 3天 | E20: 3
A21: 19 | B21: 46119 | C21: 吴阳聪 | D21: 3天 | E21: 1 | G21: 补发 | H21: 以后每次补发1支，补到与其他老师一致
A22: 20 | B22: 46119 | C22: 李金凤2 | D22: 3天 | F22: 3
A23: 21 | B23: 46119 | C23: 李金凤3 | D23: 3天 | F23: 3
A24: 22 | B24: 46119 | C24: 李金凤2 | D24: 3天 | F24: 3 | G24: 补发 | H24: 补到与其他老师一致
A25: 23 | B25: 46119 | C25: 李金凤3 | D25: 3天 | F25: 3 | G25: 补发 | H25: 补到与其他老师一致
E28: =SUM(E3:E27) -> 21 | F28: =SUM(F3:F27) -> 46

Sheet 4.9
A1: 石牯塘中学教师鲜奶领奶表 | I1: 名单先发分发老师，鲜奶送到再发群
A2: 序号 | B2: 配送日期 | C2: 职工姓名 | D2: 配送天数 | E2: 鲜 | F2: 酸 | G2: 备注
A3: 1 | B3: 46121 | C3: 黄海英 | D3: 4天 | E3: 2 | F3: 2 | G3: 周一1鲜2酸
A4: 2 | B4: 46121 | C4: 巫多声 | D4: 4天 | F4: 4
A5: 3 | B5: 46121 | C5: 巫巧基1 | D5: 4天 | F5: 4
A6: 4 | B6: 46121 | C6: 侯添娣 | D6: 4天 | E6: 4
A7: 5 | B7: 46121 | C7: 黄忠贵 | D7: 4天 | F7: 4
A8: 6 | B8: 46121 | C8: 李艳芳1 | D8: 4天 | E8: 4
A9: 7 | B9: 46121 | C9: 李艳芳2 | D9: 4天 | F9: 4
A10: 8 | B10: 46121 | C10: 李锦维 | D10: 4天 | F10: 4
A11: 9 | B11: 46121 | C11: 郭伙娣 | D11: 4天 | F11: 4
A12: 10 | B12: 46121 | C12: 李保萍 | D12: 4天 | E12: 2 | F12: 2
A13: 11 | B13: 46121 | C13: 邵金华 | D13: 4天 | E13: 4
A14: 12 | B14: 46121 | C14: 李金凤 | D14: 4天 | E14: 4
A15: 13 | B15: 46121 | C15: 卜桂洲 | D15: 4天 | F15: 4
A16: 14 | B16: 46121 | C16: 赖冬梅 | D16: 4天 | F16: 4
A17: 15 | B17: 46121 | C17: 李金莲 | D17: 4天 | E17: 2 | F17: 2
A18: 16 | B18: 46121 | C18: 巫巧基2 | D18: 4天 | F18: 4
A19: 17 | B19: 46121 | C19: 何立新 | D19: 4天 | F19: 4
A20: 18 | B20: 46121 | C20: 吴阳聪 | D20: 4天 | E20: 4
A21: 19 | B21: 46121 | C21: 吴阳聪 | D21: 4天 | E21: 1 | G21: 补发 | H21: 以后每次补发1支，补到与其他老师一致
A22: 20 | B22: 46121 | C22: 李金凤2 | D22: 4天 | F22: 4
A23: 21 | B23: 46121 | C23: 李金凤3 | D23: 4天 | F23: 4
A24: 22 | B24: 46121 | C24: 李金凤2 | D24: 4天 | F24: 4 | G24: 补发 | H24: 4.13已补完
A25: 23 | B25: 46121 | C25: 李金凤3 | D25: 4天 | F25: 4 | G25: 补发 | H25: 4.13已补完
E28: =SUM(E3:E27) -> 27 | F28: =SUM(F3:F27) -> 62

Sheet 4.13
A1: 石牯塘中学教师鲜奶领奶表
A2: 序号 | B2: 配送日期 | C2: 职工姓名 | D2: 配送天数 | E2: 鲜 | F2: 酸 | G2: 备注
A3: 1 | B3: 46125 | C3: 黄海英 | D3: 3天 | E3: 1 | F3: 2 | H3: 3.30起1鲜2酸 | I3: =E3+F3 -> 3
A4: 2 | B4: 46125 | C4: 巫多声 | D4: 3天 | F4: 3 | I4: =E4+F4 -> 3
A5: 3 | B5: 46125 | C5: 巫巧基1 | D5: 3天 | F5: 3 | I5: =E5+F5 -> 3
A6: 4 | B6: 46125 | C6: 侯添娣 | D6: 3天 | E6: 3 | I6: =E6+F6 -> 3
A7: 5 | B7: 46125 | C7: 黄忠贵 | D7: 3天 | F7: 3 | I7: =E7+F7 -> 3
A8: 6 | B8: 46125 | C8: 李艳芳1 | D8: 3天 | E8: 3 | I8: =E8+F8 -> 3
A9: 7 | B9: 46125 | C9: 李艳芳2 | D9: 3天 | F9: 3 | I9: =E9+F9 -> 3
A10: 8 | B10: 46125 | C10: 李锦维 | D10: 3天 | F10: 3 | I10: =E10+F10 -> 3
A11: 9 | B11: 46125 | C11: 郭伙娣 | D11: 3天 | F11: 3 | I11: =E11+F11 -> 3
A12: 10 | B12: 46125 | C12: 李保萍 | D12: 3天 | E12: 2 | F12: 1 | I12: =E12+F12 -> 3
A13: 11 | B13: 46125 | C13: 邵金华 | D13: 3天 | E13: 3 | I13: =E13+F13 -> 3
A14: 12 | B14: 46125 | C14: 李金凤 | D14: 3天 | E14: 3 | I14: =E14+F14 -> 3
A15: 13 | B15: 46125 | C15: 卜桂洲 | D15: 3天 | F15: 3 | I15: =E15+F15 -> 3
A16: 14 | B16: 46125 | C16: 赖冬梅 | D16: 3天 | F16: 3 | I16: =E16+F16 -> 3
A17: 15 | B17: 46125 | C17: 李金莲 | D17: 3天 | E17: 2 | F17: 1 | I17: =E17+F17 -> 3
A18: 16 | B18: 46125 | C18: 巫巧基2 | D18: 3天 | F18: 3 | I18: =E18+F18 -> 3
A19: 17 | B19: 46125 | C19: 何立新 | D19: 3天 | F19: 3 | I19: =E19+F19 -> 3
A20: 18 | B20: 46125 | C20: 吴阳聪 | D20: 3天 | E20: 3 | I20: =E20+F20 -> 3
A21: 19 | B21: 46125 | C21: 吴阳聪 | D21: 3天 | E21: 1 | G21: 补发 | H21: 以后每次补发1支，补到与其他老师一致 | I21: =E21+F21 -> 1
A22: 20 | B22: 46125 | C22: 李金凤2 | D22: 3天 | F22: 3 | I22: =E22+F22 -> 3
A23: 21 | B23: 46125 | C23: 李金凤3 | D23: 3天 | F23: 3 | I23: =E23+F23 -> 3
A24: 22 | B24: 46125 | C24: 李金凤2 | D24: 3天 | F24: 3 | G24: 补发 | H24: 已补完，下次不需再补 | I24: =E24+F24 -> 3
A25: 23 | B25: 46125 | C25: 李金凤3 | D25: 3天 | F25: 3 | G25: 补发 | H25: 已补完，下次不需再补 | I25: =E25+F25 -> 3
I26: =E26+F26 -> 0
I27: =E27+F27 -> 0
E28: =SUM(E3:E27) -> 21 | F28: =SUM(F3:F27) -> 46 | I28: =E28+F28 -> 67

Sheet 4.16
A1: 石牯塘中学教师鲜奶领奶表 | I1: 名单先发分发老师，鲜奶送到再发群
A2: 序号 | B2: 配送日期 | C2: 职工姓名 | D2: 配送天数 | E2: 鲜 | F2: 酸 | G2: 备注
A3: 1 | B3: 46128 | C3: 黄海英 | D3: 4天 | E3: 2 | F3: 2 | G3: 周一1鲜2酸 | I3: =E3+F3 -> 4
A4: 2 | B4: 46128 | C4: 巫多声 | D4: 4天 | F4: 4 | I4: =E4+F4 -> 4
A5: 3 | B5: 46128 | C5: 巫巧基1 | D5: 4天 | F5: 4 | I5: =E5+F5 -> 4
A6: 4 | B6: 46128 | C6: 侯添娣 | D6: 4天 | E6: 4 | I6: =E6+F6 -> 4
A7: 5 | B7: 46128 | C7: 黄忠贵 | D7: 4天 | F7: 4 | I7: =E7+F7 -> 4
A8: 6 | B8: 46128 | C8: 李艳芳1 | D8: 4天 | E8: 4 | I8: =E8+F8 -> 4
A9: 7 | B9: 46128 | C9: 李艳芳2 | D9: 4天 | F9: 4 | I9: =E9+F9 -> 4
A10: 8 | B10: 46128 | C10: 李锦维 | D10: 4天 | F10: 4 | I10: =E10+F10 -> 4
A11: 9 | B11: 46128 | C11: 郭伙娣 | D11: 4天 | F11: 4 | I11: =E11+F11 -> 4
A12: 10 | B12: 46128 | C12: 李保萍 | D12: 4天 | E12: 2 | F12: 2 | I12: =E12+F12 -> 4
A13: 11 | B13: 46128 | C13: 邵金华 | D13: 4天 | E13: 4 | I13: =E13+F13 -> 4
A14: 12 | B14: 46128 | C14: 李金凤 | D14: 4天 | E14: 4 | I14: =E14+F14 -> 4
A15: 13 | B15: 46128 | C15: 卜桂洲 | D15: 4天 | F15: 4 | I15: =E15+F15 -> 4
A16: 14 | B16: 46128 | C16: 赖冬梅 | D16: 4天 | F16: 4 | I16: =E16+F16 -> 4
A17: 15 | B17: 46128 | C17: 李金莲 | D17: 4天 | E17: 2 | F17: 2 | I17: =E17+F17 -> 4
A18: 16 | B18: 46128 | C18: 巫巧基2 | D18: 4天 | F18: 4 | I18: =E18+F18 -> 4
A19: 17 | B19: 46128 | C19: 何立新 | D19: 4天 | F19: 4 | I19: =E19+F19 -> 4
A20: 18 | B20: 46128 | C20: 吴阳聪 | D20: 4天 | E20: 5 | G20: 含一支补送 | I20: =E20+F20 -> 5
A21: 19 | B21: 46128 | C21: 李金凤2 | D21: 4天 | F21: 4 | I21: =E21+F21 -> 4
A22: 20 | B22: 46128 | C22: 李金凤3 | D22: 4天 | F22: 4 | I22: =E22+F22 -> 4
I23: =E23+F23 -> 0
I24: =E24+F24 -> 0
I25: =E25+F25 -> 0
I26: =E26+F26 -> 0
E27: =SUM(E3:E26) -> 27 | F27: =SUM(F3:F26) -> 54 | I27: =E27+F27 -> 81

Sheet 4.20
A1: 石牯塘中学教师鲜奶领奶表
A2: 序号 | B2: 配送日期 | C2: 职工姓名 | D2: 配送天数 | E2: 鲜 | F2: 酸 | G2: 备注
A3: 1 | B3: 46132 | C3: 黄海英 | D3: 3天 | E3: 1 | F3: 2 | H3: 3.30起1鲜2酸 | I3: =E3+F3 -> 3
A4: 2 | B4: 46132 | C4: 巫多声 | D4: 3天 | F4: 3 | I4: =E4+F4 -> 3
A5: 3 | B5: 46132 | C5: 巫巧基1 | D5: 3天 | F5: 3 | I5: =E5+F5 -> 3
A6: 4 | B6: 46132 | C6: 侯添娣 | D6: 3天 | E6: 3 | I6: =E6+F6 -> 3
A7: 5 | B7: 46132 | C7: 黄忠贵 | D7: 3天 | F7: 3 | I7: =E7+F7 -> 3
A8: 6 | B8: 46132 | C8: 李艳芳1 | D8: 3天 | E8: 3 | I8: =E8+F8 -> 3
A9: 7 | B9: 46132 | C9: 李艳芳2 | D9: 3天 | F9: 3 | I9: =E9+F9 -> 3
A10: 8 | B10: 46132 | C10: 李锦维 | D10: 3天 | F10: 3 | I10: =E10+F10 -> 3
A11: 9 | B11: 46132 | C11: 郭伙娣 | D11: 3天 | F11: 3 | I11: =E11+F11 -> 3
A12: 10 | B12: 46132 | C12: 李保萍 | D12: 3天 | E12: 2 | F12: 1 | I12: =E12+F12 -> 3
A13: 11 | B13: 46132 | C13: 邵金华 | D13: 3天 | E13: 3 | I13: =E13+F13 -> 3
A14: 12 | B14: 46132 | C14: 李金凤 | D14: 3天 | E14: 3 | I14: =E14+F14 -> 3
A15: 13 | B15: 46132 | C15: 卜桂洲 | D15: 3天 | F15: 3 | I15: =E15+F15 -> 3
A16: 14 | B16: 46132 | C16: 赖冬梅 | D16: 3天 | F16: 3 | I16: =E16+F16 -> 3
A17: 15 | B17: 46132 | C17: 李金莲 | D17: 3天 | E17: 2 | F17: 1 | I17: =E17+F17 -> 3
A18: 16 | B18: 46132 | C18: 巫巧基2 | D18: 3天 | F18: 3 | I18: =E18+F18 -> 3
A19: 17 | B19: 46132 | C19: 何立新 | D19: 3天 | F19: 3 | I19: =E19+F19 -> 3
A20: 18 | B20: 46132 | C20: 吴阳聪 | D20: 3天 | E20: 2 | F20: 1 | I20: =E20+F20 -> 3
A21: 19 | B21: 46132 | C21: 李金凤2 | D21: 3天 | F21: 3 | I21: =E21+F21 -> 3
A22: 20 | B22: 46132 | C22: 李金凤3 | D22: 3天 | F22: 3 | I22: =E22+F22 -> 3
I23: =E23+F23 -> 0
I24: =E24+F24 -> 0
I25: =E25+F25 -> 0
I26: =E26+F26 -> 0
E27: =SUM(E3:E26) -> 19 | F27: =SUM(F3:F26) -> 41 | I27: =E27+F27 -> 60

Sheet 4.23
A1: 石牯塘中学教师鲜奶领奶表 | I1: 名单先发分发老师，鲜奶送到再发群
A2: 序号 | B2: 配送日期 | C2: 职工姓名 | D2: 配送天数 | E2: 鲜 | F2: 酸 | G2: 备注
A3: 1 | B3: 46121 | C3: 黄海英 | D3: 4天 | E3: 2 | F3: 2 | G3: 周一1鲜2酸 | I3: =E3+F3 -> 4
A4: 2 | B4: 46121 | C4: 巫多声 | D4: 4天 | F4: 4 | I4: =E4+F4 -> 4
A5: 3 | B5: 46121 | C5: 巫巧基1 | D5: 4天 | F5: 4 | I5: =E5+F5 -> 4
A6: 4 | B6: 46121 | C6: 侯添娣 | D6: 4天 | E6: 4 | I6: =E6+F6 -> 4
A7: 5 | B7: 46121 | C7: 黄忠贵 | D7: 4天 | F7: 4 | I7: =E7+F7 -> 4
A8: 6 | B8: 46121 | C8: 李艳芳1 | D8: 4天 | E8: 4 | I8: =E8+F8 -> 4
A9: 7 | B9: 46121 | C9: 李艳芳2 | D9: 4天 | F9: 4 | I9: =E9+F9 -> 4
A10: 8 | B10: 46121 | C10: 李锦维 | D10: 4天 | F10: 4 | I10: =E10+F10 -> 4
A11: 9 | B11: 46135 | C11: 郭伙娣 | D11: 4天 | F11: 4 | I11: =E11+F11 -> 4
A12: 10 | B12: 46135 | C12: 李保萍 | D12: 4天 | E12: 2 | F12: 2 | I12: =E12+F12 -> 4
A13: 11 | B13: 46135 | C13: 邵金华 | D13: 4天 | E13: 4 | I13: =E13+F13 -> 4
A14: 12 | B14: 46135 | C14: 李金凤 | D14: 4天 | E14: 4 | I14: =E14+F14 -> 4
A15: 13 | B15: 46135 | C15: 卜桂洲 | D15: 4天 | F15: 4 | I15: =E15+F15 -> 4
A16: 14 | B16: 46135 | C16: 赖冬梅 | D16: 4天 | F16: 4 | I16: =E16+F16 -> 4
A17: 15 | B17: 46135 | C17: 李金莲 | D17: 4天 | E17: 2 | F17: 2 | I17: =E17+F17 -> 4
A18: 16 | B18: 46135 | C18: 巫巧基2 | D18: 4天 | F18: 4 | I18: =E18+F18 -> 4
A19: 17 | B19: 46135 | C19: 何立新 | D19: 4天 | F19: 4 | I19: =E19+F19 -> 4
A20: 18 | B20: 46135 | C20: 吴阳聪 | D20: 4天 | E20: 3 | F20: 2 | G20: 含一支补送 | I20: =E20+F20 -> 5
A21: 19 | B21: 46135 | C21: 李金凤2 | D21: 4天 | F21: 4 | I21: =E21+F21 -> 4
A22: 20 | B22: 46135 | C22: 李金凤3 | D22: 4天 | F22: 4 | I22: =E22+F22 -> 4
I23: =E23+F23 -> 0
I24: =E24+F24 -> 0
I25: =E25+F25 -> 0
I26: =E26+F26 -> 0
E27: =SUM(E3:E26) -> 25 | F27: =SUM(F3:F26) -> 56 | I27: =E27+F27 -> 81

Sheet 4.27
A1: 石牯塘中学教师鲜奶领奶表
A2: 序号 | B2: 配送日期 | C2: 职工姓名 | D2: 配送天数 | E2: 鲜 | F2: 酸 | G2: 备注
A3: 1 | B3: 46139 | C3: 黄海英 | D3: 3天 | E3: 1 | F3: 2 | H3: 3.30起1鲜2酸 | I3: =E3+F3 -> 3
A4: 2 | B4: 46139 | C4: 巫多声 | D4: 3天 | F4: 3 | I4: =E4+F4 -> 3
A5: 3 | B5: 46139 | C5: 巫巧基1 | D5: 3天 | F5: 3 | I5: =E5+F5 -> 3
A6: 4 | B6: 46139 | C6: 侯添娣 | D6: 3天 | E6: 3 | I6: =E6+F6 -> 3
A7: 5 | B7: 46139 | C7: 黄忠贵 | D7: 3天 | F7: 3 | I7: =E7+F7 -> 3
A8: 6 | B8: 46139 | C8: 李艳芳1 | D8: 3天 | E8: 3 | I8: =E8+F8 -> 3
A9: 7 | B9: 46139 | C9: 李艳芳2 | D9: 3天 | F9: 3 | I9: =E9+F9 -> 3
A10: 8 | B10: 46139 | C10: 李锦维 | D10: 3天 | F10: 3 | I10: =E10+F10 -> 3
A11: 9 | B11: 46139 | C11: 郭伙娣 | D11: 3天 | F11: 3 | I11: =E11+F11 -> 3
A12: 10 | B12: 46139 | C12: 李保萍 | D12: 3天 | E12: 2 | F12: 1 | I12: =E12+F12 -> 3
A13: 11 | B13: 46139 | C13: 邵金华 | D13: 3天 | E13: 3 | I13: =E13+F13 -> 3
A14: 12 | B14: 46139 | C14: 李金凤 | D14: 3天 | E14: 3 | I14: =E14+F14 -> 3
A15: 13 | B15: 46139 | C15: 卜桂洲 | D15: 3天 | F15: 3 | I15: =E15+F15 -> 3
A16: 14 | B16: 46139 | C16: 赖冬梅 | D16: 3天 | F16: 3 | I16: =E16+F16 -> 3
A17: 15 | B17: 46139 | C17: 李金莲 | D17: 3天 | E17: 2 | F17: 1 | I17: =E17+F17 -> 3
A18: 16 | B18: 46139 | C18: 巫巧基2 | D18: 3天 | F18: 3 | I18: =E18+F18 -> 3
A19: 17 | B19: 46139 | C19: 何立新 | D19: 3天 | F19: 3 | I19: =E19+F19 -> 3
A20: 18 | B20: 46139 | C20: 吴阳聪 | D20: 3天 | E20: 2 | F20: 1 | I20: =E20+F20 -> 3
A21: 19 | B21: 46139 | C21: 李金凤2 | D21: 3天 | F21: 3 | I21: =E21+F21 -> 3
A22: 20 | B22: 46139 | C22: 李金凤3 | D22: 3天 | F22: 3 | I22: =E22+F22 -> 3
I23: =E23+F23 -> 0
I24: =E24+F24 -> 0
I25: =E25+F25 -> 0
I26: =E26+F26 -> 0
E27: =SUM(E3:E26) -> 19 | F27: =SUM(F3:F26) -> 41 | I27: =E27+F27 -> 60

Sheet 4.30
A1: 石牯塘中学教师鲜奶领奶表 | I1: 名单先发分发老师，鲜奶送到再发群
A2: 序号 | B2: 配送日期 | C2: 职工姓名 | D2: 配送天数 | E2: 鲜 | F2: 酸 | G2: 备注
A3: 1 | B3: 46121 | C3: 黄海英 | D3: 4天 | E3: 2 | F3: 2 | G3: 周一1鲜2酸 | I3: =E3+F3 -> 4
A4: 2 | B4: 46121 | C4: 巫多声 | D4: 4天 | F4: 4 | I4: =E4+F4 -> 4
A5: 3 | B5: 46121 | C5: 巫巧基1 | D5: 4天 | F5: 4 | I5: =E5+F5 -> 4
A6: 4 | B6: 46121 | C6: 侯添娣 | D6: 4天 | E6: 4 | I6: =E6+F6 -> 4
A7: 5 | B7: 46121 | C7: 黄忠贵 | D7: 4天 | F7: 4 | I7: =E7+F7 -> 4
A8: 6 | B8: 46121 | C8: 李艳芳1 | D8: 4天 | E8: 4 | I8: =E8+F8 -> 4
A9: 7 | B9: 46121 | C9: 李艳芳2 | D9: 4天 | F9: 4 | I9: =E9+F9 -> 4
A10: 8 | B10: 46121 | C10: 李锦维 | D10: 4天 | F10: 4 | I10: =E10+F10 -> 4
A11: 9 | B11: 46142 | C11: 郭伙娣 | D11: 4天 | F11: 4 | I11: =E11+F11 -> 4
A12: 10 | B12: 46142 | C12: 李保萍 | D12: 4天 | E12: 2 | F12: 2 | I12: =E12+F12 -> 4
A13: 11 | B13: 46142 | C13: 邵金华 | D13: 4天 | E13: 4 | I13: =E13+F13 -> 4
A14: 12 | B14: 46142 | C14: 李金凤 | D14: 4天 | E14: 4 | I14: =E14+F14 -> 4
A15: 13 | B15: 46142 | C15: 卜桂洲 | D15: 4天 | F15: 4 | I15: =E15+F15 -> 4
A16: 14 | B16: 46142 | C16: 赖冬梅 | D16: 4天 | F16: 4 | I16: =E16+F16 -> 4
A17: 15 | B17: 46142 | C17: 李金莲 | D17: 4天 | E17: 2 | F17: 2 | I17: =E17+F17 -> 4
A18: 16 | B18: 46142 | C18: 巫巧基2 | D18: 4天 | F18: 4 | I18: =E18+F18 -> 4
A19: 17 | B19: 46142 | C19: 何立新 | D19: 4天 | F19: 4 | I19: =E19+F19 -> 4
A20: 18 | B20: 46142 | C20: 吴阳聪 | D20: 4天 | E20: 3 | F20: 2 | G20: 含一支补送 | I20: =E20+F20 -> 5
A21: 19 | B21: 46142 | C21: 李金凤2 | D21: 4天 | F21: 4 | I21: =E21+F21 -> 4
A22: 20 | B22: 46142 | C22: 李金凤3 | D22: 4天 | F22: 4 | I22: =E22+F22 -> 4
I23: =E23+F23 -> 0
I24: =E24+F24 -> 0
I25: =E25+F25 -> 0
I26: =E26+F26 -> 0
E27: =SUM(E3:E26) -> 25 | F27: =SUM(F3:F26) -> 56 | I27: =E27+F27 -> 81
