Workbook

Sheet 老师
A1: 2026春季石灰铺中心小学教职工巴氏鲜奶补贴订购申请表（20份起送，特殊申请除外
A2: 本学期3月15日前订购一份赠送1本笔记本+1支花梨木圆珠
A3: 序号 | B3: 职工姓名 | C3: 联系电话 | D3: 订购种类（打√） | F3: 订购份数（100盒/210元） | H3: 备注
D4: 鲜奶（ ） 保质期7天 | E4: 乳酸（ ） 保质期15天 | F4: 市场原价 （3.5元/盒） | G4: 职工优惠价6折购 （2.1元/盒） | H4: 如果二个打√就各50支 | I4: 份数 | J4: 合计 | K4: 收费情况
A5: 1 | B5: 陈爱娣 | C5: 18926609838 | E5: ✓ | F5: 350 | G5: 210 | I5: 1 | J5: =I5*G5 -> 210 | K5: 已收费
A6: 2 | B6: 冯倩 | C6: 15382987191 | D6: ✔️ | E6: ✔️ | F6: 350 | G6: 210 | I6: 2 | J6: =I6*G6 -> 420 | K6: 已收费
A7: 3 | B7: 吴小环 | C7: 13435255012 | D7: ✔️ | E7: ✔️ | F7: 350 | G7: 210 | I7: 1 | J7: =I7*G7 -> 210 | K7: 已收费
A8: 4 | B8: 吴小环 | C8: 13435255012 | D8: ✔️ | E8: ✔️ | F8: 350 | G8: 210 | I8: 1 | J8: =I8*G8 -> 210 | K8: 已收费
A9: 5 | B9: 曾秀沐 | C9: 13610591139 | D9: ✔ | F9: 350 | G9: 210 | I9: 1 | J9: =I9*G9 -> 210 | K9: 已收费
A10: 6 | B10: 冯倩 | C10: 15382987191 | D10: ✔️ | E10: ✔️ | F10: 350 | G10: 210 | I10: 1 | J10: =I10*G10 -> 210 | K10: 已收费
A11: 7 | B11: 邓英1 | C11: 18344002957 | D11: ✔️ | F11: 350 | G11: 210 | I11: 1 | J11: =I11*G11 -> 210 | K11: 已收费
A12: 8 | B12: 邓英2 | C12: 18344002957 | E12: ✔️ | F12: 350 | G12: 210 | I12: 1 | J12: =I12*G12 -> 210 | K12: 已收费
A13: 9 | B13: 杨光明 | D13: ✔️ | F13: 350 | G13: 210 | H13: 已收费 | I13: 1 | J13: =I13*G13 -> 210 | K13: 已收费
A14: 10 | B14: 李苍坚 | E14: ✔️ | F14: 350 | G14: 210 | H14: 3/13新增，周一不送，周四送7支酸奶 | I14: 1 | J14: =I14*G14 -> 210 | K14: 已收费
A15: 11 | F15: 350 | G15: 210
A16: 12 | F16: 350 | G16: 210
A17: 13 | F17: 350 | G17: 210
A18: 14 | F18: 350 | G18: 210
A19: 15 | F19: 350 | G19: 210
A20: 16 | F20: 350 | G20: 210
A21: 17 | F21: 350 | G21: 210
A22: 18 | F22: 350 | G22: 210
A23: 19 | F23: 350 | G23: 210
A24: 20 | F24: 350 | G24: 210
A25: 21 | F25: 350 | G25: 210
A26: 22 | F26: 350 | G26: 210
... A43: 45 | F43: 350 | G43: 210

Sheet 领奶表
A1: 英德市石灰铺中心小学教师鲜奶领奶表
A2: （ ）月份（填写领取数量/盒）
A3: 序号 | B3: 姓名 | C3: 1 | D3: 2 | E3: 3 | F3: 4 | G3: 5 | H3: 6 | I3: 7 | J3: 8 | K3: 9 | L3: 10 | M3: 11 | N3: 12 | O3: 13 | P3: 14 | Q3: 15 | R3: 16 | S3: 17 | T3: 18 | U3: 19 | V3: 20 | W3: 21 | X3: 22 | Y3: 23 | Z3: 24 | AA3: 25 | AB3: 26 | AC3: 27 | AD3: 28 | AE3: 29 | AF3: 30
A4: 1
A5: 2
A6: 3
A7: 13
A8: 14
A9: 15
A10: 16
A11: 17
A12: 18

Sheet 配送汇总
A1: 英德市石灰铺中心小学教师鲜奶领奶表
A2: 序号 | B2: 姓名 | C2: 订购份数 | D2: 46090 | E2: 46093 | F2: 46097 | G2: 46100 | H2: 46104 | I2: 46107 | J2: 46111 | K2: 46114 | L2: 46119 | M2: 46121 | N2: 46125 | O2: 46128 | P2: 46132 | Q2: 46135 | R2: 46139 | S2: 46142 | AP2: 总计 | AQ2: 剩余
A3: 1 | B3: 陈爱娣 | C3: 100 | D3: 3 | E3: 4 | F3: 3 | G3: 4 | H3: =SUMIF('3.23'!$C$3:C50,B3,'3.23'!$I$3:I50) -> 3 | I3: =SUMIF('3.26'!$C$3:D50,B3,'3.26'!$I$3:J50) -> 4 | J3: =SUMIF('3.30'!$C$3:E50,B3,'3.30'!$I$3:K50) -> 3 | K3: =SUMIF('4.2'!$C$3:F50,B3,'4.2'!$I$3:L50) -> 4 | L3: =SUMIF('4.7'!$C$3:G50,B3,'4.7'!$I$3:M50) -> 3 | M3: =SUMIF('4.9'!$C$3:H50,B3,'4.9'!$I$3:N50) -> 4 | N3: =SUMIF('4.13'!$C$3:I50,B3,'4.13'!$I$3:O50) -> 3 | O3: =SUMIF('4.16'!$C$3:J50,B3,'4.16'!$I$3:P50) -> 4 | P3: =SUMIF('4.20'!$C$3:K50,B3,'4.20'!$I$3:Q50) -> 3 | Q3: =SUMIF('4.23'!$C$3:L50,B3,'4.23'!$I$3:R50) -> 4 | R3: =SUMIF('4.27'!$C$3:M50,B3,'4.27'!$I$3:S50) -> 3 | S3: =SUMIF('4.30'!$C$3:N50,B3,'4.30'!$I$3:T50) -> 4 | AP3: =SUM(D3:AO3) -> 56 | AQ3: =100-AP3 -> 44
A4: 2 | B4: 冯倩 | C4: 100 | D4: 3 | E4: 4 | F4: 3 | G4: 4 | H4: =SUMIF('3.23'!$C$3:C51,B4,'3.23'!$I$3:I51) -> 0 | I4: =SUMIF('3.26'!$C$3:D51,B4,'3.26'!$I$3:J51) -> 0 | J4: =SUMIF('3.30'!$C$3:E51,B4,'3.30'!$I$3:K51) -> 0 | K4: =SUMIF('4.2'!$C$3:F51,B4,'4.2'!$I$3:L51) -> 0 | L4: =SUMIF('4.7'!$C$3:G51,B4,'4.7'!$I$3:M51) -> 0 | M4: =SUMIF('4.9'!$C$3:H51,B4,'4.9'!$I$3:N51) -> 0 | N4: =SUMIF('4.13'!$C$3:I51,B4,'4.13'!$I$3:O51) -> 0 | O4: =SUMIF('4.16'!$C$3:J51,B4,'4.16'!$I$3:P51) -> 0 | P4: =SUMIF('4.20'!$C$3:K51,B4,'4.20'!$I$3:Q51) -> 0 | Q4: =SUMIF('4.23'!$C$3:L51,B4,'4.23'!$I$3:R51) -> 0 | R4: =SUMIF('4.27'!$C$3:M51,B4,'4.27'!$I$3:S51) -> 0 | S4: =SUMIF('4.30'!$C$3:N51,B4,'4.30'!$I$3:T51) -> 0 | AP4: =SUM(D4:AO4) -> 14 | AQ4: =130-AP4 -> 116 | AR4: 续订已收款
A5: 3 | B5: 吴小环 | C5: 100 | D5: 3 | E5: 4 | F5: 3 | G5: 4 | H5: =SUMIF('3.23'!$C$3:C52,B5,'3.23'!$I$3:I52) -> 6 | I5: =SUMIF('3.26'!$C$3:D52,B5,'3.26'!$I$3:J52) -> 8 | J5: =SUMIF('3.30'!$C$3:E52,B5,'3.30'!$I$3:K52) -> 6 | K5: =SUMIF('4.2'!$C$3:F52,B5,'4.2'!$I$3:L52) -> 8 | L5: =SUMIF('4.7'!$C$3:G52,B5,'4.7'!$I$3:M52) -> 6 | M5: =SUMIF('4.9'!$C$3:H52,B5,'4.9'!$I$3:N52) -> 8 | N5: =SUMIF('4.13'!$C$3:I52,B5,'4.13'!$I$3:O52) -> 6 | O5: =SUMIF('4.16'!$C$3:J52,B5,'4.16'!$I$3:P52) -> 8 | P5: =SUMIF('4.20'!$C$3:K52,B5,'4.20'!$I$3:Q52) -> 6 | Q5: =SUMIF('4.23'!$C$3:L52,B5,'4.23'!$I$3:R52) -> 8 | R5: =SUMIF('4.27'!$C$3:M52,B5,'4.27'!$I$3:S52) -> 6 | S5: =SUMIF('4.30'!$C$3:N52,B5,'4.30'!$I$3:T52) -> 8 | AP5: =SUM(D5:AO5) -> 98 | AQ5: =130-AP5 -> 32 | AR5: 续订已收款
A6: 4 | B6: 吴小环 | C6: 100 | D6: 3 | E6: 4 | F6: 3 | G6: 4 | H6: =SUMIF('3.23'!$C$3:C53,B6,'3.23'!$I$3:I53) -> 6 | I6: =SUMIF('3.26'!$C$3:D53,B6,'3.26'!$I$3:J53) -> 8 | J6: =SUMIF('3.30'!$C$3:E53,B6,'3.30'!$I$3:K53) -> 6 | K6: =SUMIF('4.2'!$C$3:F53,B6,'4.2'!$I$3:L53) -> 8 | L6: =SUMIF('4.7'!$C$3:G53,B6,'4.7'!$I$3:M53) -> 6 | M6: =SUMIF('4.9'!$C$3:H53,B6,'4.9'!$I$3:N53) -> 8 | N6: =SUMIF('4.13'!$C$3:I53,B6,'4.13'!$I$3:O53) -> 6 | O6: =SUMIF('4.16'!$C$3:J53,B6,'4.16'!$I$3:P53) -> 8 | P6: =SUMIF('4.20'!$C$3:K53,B6,'4.20'!$I$3:Q53) -> 6 | Q6: =SUMIF('4.23'!$C$3:L53,B6,'4.23'!$I$3:R53) -> 8 | R6: =SUMIF('4.27'!$C$3:M53,B6,'4.27'!$I$3:S53) -> 6 | S6: =SUMIF('4.30'!$C$3:N53,B6,'4.30'!$I$3:T53) -> 8 | AP6: =SUM(D6:AO6) -> 98 | AQ6: =100-AP6 -> 2
A7: 5 | B7: 曾秀沐 | C7: 100 | D7: 3 | E7: 4 | F7: 3 | G7: 4 | H7: =SUMIF('3.23'!$C$3:C54,B7,'3.23'!$I$3:I54) -> 3 | I7: =SUMIF('3.26'!$C$3:D54,B7,'3.26'!$I$3:J54) -> 4 | J7: =SUMIF('3.30'!$C$3:E54,B7,'3.30'!$I$3:K54) -> 3 | K7: =SUMIF('4.2'!$C$3:F54,B7,'4.2'!$I$3:L54) -> 4 | L7: =SUMIF('4.7'!$C$3:G54,B7,'4.7'!$I$3:M54) -> 3 | M7: =SUMIF('4.9'!$C$3:H54,B7,'4.9'!$I$3:N54) -> 4 | N7: =SUMIF('4.13'!$C$3:I54,B7,'4.13'!$I$3:O54) -> 3 | O7: =SUMIF('4.16'!$C$3:J54,B7,'4.16'!$I$3:P54) -> 4 | P7: =SUMIF('4.20'!$C$3:K54,B7,'4.20'!$I$3:Q54) -> 3 | Q7: =SUMIF('4.23'!$C$3:L54,B7,'4.23'!$I$3:R54) -> 4 | R7: =SUMIF('4.27'!$C$3:M54,B7,'4.27'!$I$3:S54) -> 3 | S7: =SUMIF('4.30'!$C$3:N54,B7,'4.30'!$I$3:T54) -> 4 | AP7: =SUM(D7:AO7) -> 56 | AQ7: =100-AP7 -> 44
A8: 6 | B8: 冯倩 | C8: 100 | D8: 3 | E8: 4 | F8: 3 | G8: 4 | H8: =SUMIF('3.23'!$C$3:C55,B8,'3.23'!$I$3:I55) -> 0 | I8: =SUMIF('3.26'!$C$3:D55,B8,'3.26'!$I$3:J55) -> 0 | J8: =SUMIF('3.30'!$C$3:E55,B8,'3.30'!$I$3:K55) -> 0 | K8: =SUMIF('4.2'!$C$3:F55,B8,'4.2'!$I$3:L55) -> 0 | L8: =SUMIF('4.7'!$C$3:G55,B8,'4.7'!$I$3:M55) -> 0 | M8: =SUMIF('4.9'!$C$3:H55,B8,'4.9'!$I$3:N55) -> 0 | N8: =SUMIF('4.13'!$C$3:I55,B8,'4.13'!$I$3:O55) -> 0 | O8: =SUMIF('4.16'!$C$3:J55,B8,'4.16'!$I$3:P55) -> 0 | P8: =SUMIF('4.20'!$C$3:K55,B8,'4.20'!$I$3:Q55) -> 0 | Q8: =SUMIF('4.23'!$C$3:L55,B8,'4.23'!$I$3:R55) -> 0 | R8: =SUMIF('4.27'!$C$3:M55,B8,'4.27'!$I$3:S55) -> 0 | S8: =SUMIF('4.30'!$C$3:N55,B8,'4.30'!$I$3:T55) -> 0 | AP8: =SUM(D8:AO8) -> 14 | AQ8: =100-AP8 -> 86
A9: 7 | B9: 邓英1 | C9: 100 | D9: 3 | E9: 4 | F9: 3 | G9: 4 | H9: =SUMIF('3.23'!$C$3:C56,B9,'3.23'!$I$3:I56) -> 3 | I9: =SUMIF('3.26'!$C$3:D56,B9,'3.26'!$I$3:J56) -> 4 | J9: =SUMIF('3.30'!$C$3:E56,B9,'3.30'!$I$3:K56) -> 3 | K9: =SUMIF('4.2'!$C$3:F56,B9,'4.2'!$I$3:L56) -> 4 | L9: =SUMIF('4.7'!$C$3:G56,B9,'4.7'!$I$3:M56) -> 3 | M9: =SUMIF('4.9'!$C$3:H56,B9,'4.9'!$I$3:N56) -> 4 | N9: =SUMIF('4.13'!$C$3:I56,B9,'4.13'!$I$3:O56) -> 3 | O9: =SUMIF('4.16'!$C$3:J56,B9,'4.16'!$I$3:P56) -> 4 | P9: =SUMIF('4.20'!$C$3:K56,B9,'4.20'!$I$3:Q56) -> 3 | Q9: =SUMIF('4.23'!$C$3:L56,B9,'4.23'!$I$3:R56) -> 0 | R9: =SUMIF('4.27'!$C$3:M56,B9,'4.27'!$I$3:S56) -> 3 | S9: =SUMIF('4.30'!$C$3:N56,B9,'4.30'!$I$3:T56) -> 0 | AP9: =SUM(D9:AO9) -> 48 | AQ9: =130-AP9 -> 82
A10: 8 | B10: 邓英2 | C10: 100 | D10: 3 | E10: 4 | F10: 3 | G10: 4 | H10: =SUMIF('3.23'!$C$3:C57,B10,'3.23'!$I$3:I57) -> 3 | I10: =SUMIF('3.26'!$C$3:D57,B10,'3.26'!$I$3:J57) -> 4 | J10: =SUMIF('3.30'!$C$3:E57,B10,'3.30'!$I$3:K57) -> 3 | K10: =SUMIF('4.2'!$C$3:F57,B10,'4.2'!$I$3:L57) -> 4 | L10: =SUMIF('4.7'!$C$3:G57,B10,'4.7'!$I$3:M57) -> 3 | M10: =SUMIF('4.9'!$C$3:H57,B10,'4.9'!$I$3:N57) -> 4 | N10: =SUMIF('4.13'!$C$3:I57,B10,'4.13'!$I$3:O57) -> 3 | O10: =SUMIF('4.16'!$C$3:J57,B10,'4.16'!$I$3:P57) -> 4 | P10: =SUMIF('4.20'!$C$3:K57,B10,'4.20'!$I$3:Q57) -> 3 | Q10: =SUMIF('4.23'!$C$3:L57,B10,'4.23'!$I$3:R57) -> 4 | R10: =SUMIF('4.27'!$C$3:M57,B10,'4.27'!$I$3:S57) -> 3 | S10: =SUMIF('4.30'!$C$3:N57,B10,'4.30'!$I$3:T57) -> 4 | AP10: =SUM(D10:AO10) -> 56 | AQ10: =100-AP10 -> 44
A11: 9 | B11: 杨光明 | C11: 100 | D11: 3 | E11: 4 | F11: 3 | G11: 4 | H11: =SUMIF('3.23'!$C$3:C58,B11,'3.23'!$I$3:I58) -> 3 | I11: =SUMIF('3.26'!$C$3:D58,B11,'3.26'!$I$3:J58) -> 4 | J11: =SUMIF('3.30'!$C$3:E58,B11,'3.30'!$I$3:K58) -> 3 | K11: =SUMIF('4.2'!$C$3:F58,B11,'4.2'!$I$3:L58) -> 4 | L11: =SUMIF('4.7'!$C$3:G58,B11,'4.7'!$I$3:M58) -> 3 | M11: =SUMIF('4.9'!$C$3:H58,B11,'4.9'!$I$3:N58) -> 4 | N11: =SUMIF('4.13'!$C$3:I58,B11,'4.13'!$I$3:O58) -> 3 | O11: =SUMIF('4.16'!$C$3:J58,B11,'4.16'!$I$3:P58) -> 4 | P11: =SUMIF('4.20'!$C$3:K58,B11,'4.20'!$I$3:Q58) -> 3 | Q11: =SUMIF('4.23'!$C$3:L58,B11,'4.23'!$I$3:R58) -> 4 | R11: =SUMIF('4.27'!$C$3:M58,B11,'4.27'!$I$3:S58) -> 3 | S11: =SUMIF('4.30'!$C$3:N58,B11,'4.30'!$I$3:T58) -> 4 | AP11: =SUM(D11:AO11) -> 56 | AQ11: =100-AP11 -> 44
A12: 10 | B12: 李苍坚 | C12: 100 | D12: 0 | E12: 0 | F12: 0 | G12: 7 | H12: =SUMIF('3.23'!$C$3:C59,B12,'3.23'!$I$3:I59) -> 0 | I12: =SUMIF('3.26'!$C$3:D59,B12,'3.26'!$I$3:J59) -> 7 | J12: =SUMIF('3.30'!$C$3:E59,B12,'3.30'!$I$3:K59) -> 0 | K12: =SUMIF('4.2'!$C$3:F59,B12,'4.2'!$I$3:L59) -> 7 | L12: =SUMIF('4.7'!$C$3:G59,B12,'4.7'!$I$3:M59) -> 0 | M12: =SUMIF('4.9'!$C$3:H59,B12,'4.9'!$I$3:N59) -> 7 | N12: =SUMIF('4.13'!$C$3:I59,B12,'4.13'!$I$3:O59) -> 0 | O12: =SUMIF('4.16'!$C$3:J59,B12,'4.16'!$I$3:P59) -> 7 | P12: =SUMIF('4.20'!$C$3:K59,B12,'4.20'!$I$3:Q59) -> 0 | Q12: =SUMIF('4.23'!$C$3:L59,B12,'4.23'!$I$3:R59) -> 7 | R12: =SUMIF('4.27'!$C$3:M59,B12,'4.27'!$I$3:S59) -> 0 | S12: =SUMIF('4.30'!$C$3:N59,B12,'4.30'!$I$3:T59) -> 7 | AP12: =SUM(D12:AO12) -> 49 | AQ12: =130-AP12 -> 81 | AR12: 续订已收款
A13: 11 | AP13: =SUM(D13:AO13) -> 0 | AQ13: =100-AP13 -> 100
A14: 12 | AP14: =SUM(D14:AO14) -> 0 | AQ14: =100-AP14 -> 100
A15: 13 | AP15: =SUM(D15:AO15) -> 0 | AQ15: =100-AP15 -> 100
A16: 14 | AP16: =SUM(D16:AO16) -> 0 | AQ16: =100-AP16 -> 100
A17: 15 | AP17: =SUM(D17:AO17) -> 0 | AQ17: =100-AP17 -> 100
A18: 16 | AP18: =SUM(D18:AO18) -> 0 | AQ18: =100-AP18 -> 100
A19: 17 | AP19: =SUM(D19:AO19) -> 0 | AQ19: =100-AP19 -> 100
A20: 18 | AP20: =SUM(D20:AO20) -> 0 | AQ20: =130-AP20 -> 130 | AR20: 续订已收款
A21: 19 | AP21: =SUM(D21:AO21) -> 0 | AQ21: =130-AP21 -> 130 | AR21: 续订已收款
A22: 20 | AP22: =SUM(D22:AO22) -> 0 | AQ22: =100-AP22 -> 100
A23: 21 | AP23: =SUM(D23:AO23) -> 0 | AQ23: =100-AP23 -> 100
A24: 22 | AP24: =SUM(D24:AO24) -> 0 | AQ24: =100-AP24 -> 100
A25: 23 | AP25: =SUM(D25:AO25) -> 0 | AQ25: =100-AP25 -> 100 | AR25: 续订已收款
A26: 24 | AP26: =SUM(D26:AO26) -> 0 | AQ26: =130-AP26 -> 130 | AR26: 续订已收款
A27: 25 | AP27: =SUM(D27:AO27) -> 0 | AQ27: =100-AP27 -> 100
A28: 26 | AP28: =SUM(D28:AO28) -> 0 | AQ28: =100-AP28 -> 100
A29: 27 | AP29: =SUM(D29:AO29) -> 0 | AQ29: =100-AP29 -> 100
A30: 28 | AP30: =SUM(D30:AO30) -> 0 | AQ30: =130-AP30 -> 130 | AR30: 续订已收款
A31: 29 | AP31: =SUM(D31:AO31) -> 0 | AQ31: =130-AP31 -> 130 | AR31: 续订已收款
A32: 30 | AP32: =SUM(D32:AO32) -> 0 | AQ32: =130-AP32 -> 130 | AR32: 续订已收款

Sheet 签收
A1: 石灰铺中心小学教师鲜奶赠品领取表
A2: 序号 | B2: 配送日期 | C2: 职工姓名 | D2: 礼品份数 （笔记本+笔） | E2: 签名 | F2: 备注
A3: 1 | B3: 46093 | C3: 陈爱娣 | D3: 1
A4: 2 | B4: 46093 | C4: 冯倩1 | D4: 1
A5: 3 | B5: 46093 | C5: 冯倩2 | D5: 1
A6: 4 | B6: 46093 | C6: 吴小环 | D6: 1
A7: 5 | B7: 46093 | C7: 吴小环 | D7: 1
A8: 6 | B8: 46093 | C8: 曾秀沐 | D8: 1
A9: 7 | B9: 46093 | C9: 邓英1 | D9: 1
A10: 8 | B10: 46093 | C10: 邓英2 | D10: 1
A11: 9 | B11: 46093 | C11: 杨光明 | D11: 1
C12: 李苍坚 | F12: 3.19送
D13: =SUM(D3:D11) -> 9

Sheet 3.9
A1: 石灰铺中心小学教师鲜奶领奶表
A2: 序号 | B2: 配送日期 | C2: 职工姓名 | D2: 配送天数 | E2: 鲜 | F2: 酸 | G2: 备注
A3: 1 | B3: 46090 | C3: 陈爱娣 | D3: 3天 | F3: 3
A4: 2 | B4: 46090 | C4: 冯倩1 | D4: 3天 | E4: 2 | F4: 1
A5: 3 | B5: 46090 | C5: 吴小环 | D5: 3天 | E5: 2 | F5: 1
A6: 4 | B6: 46090 | C6: 吴小环 | D6: 3天 | E6: 2 | F6: 1
A7: 5 | B7: 46090 | C7: 曾秀沐 | D7: 3天 | E7: 3
A8: 6 | B8: 46090 | C8: 冯倩2 | D8: 3天 | E8: 2 | F8: 1
A9: 7 | B9: 46090 | C9: 邓英1 | D9: 3天 | E9: 3
A10: 8 | B10: 46090 | C10: 邓英2 | D10: 3天 | F10: 3
A11: 9 | B11: 46090 | C11: 杨光明 | D11: 3天 | E11: 3
E14: =SUM(E3:E13) -> 17 | F14: =SUM(F3:F13) -> 10

Sheet 3.12
A1: 石灰铺中心小学教师鲜奶领奶表
A2: 序号 | B2: 配送日期 | C2: 职工姓名 | D2: 配送天数 | E2: 鲜 | F2: 酸 | G2: 备注
A3: 1 | B3: 46093 | C3: 陈爱娣 | D3: 4天 | F3: 4
A4: 2 | B4: 46093 | C4: 冯倩1 | D4: 4天 | E4: 4
A5: 6 | B5: 46093 | C5: 冯倩2 | D5: 4天 | F5: 4
A6: 3 | B6: 46093 | C6: 吴小环 | D6: 4天 | E6: 2 | F6: 2
A7: 4 | B7: 46093 | C7: 吴小环 | D7: 4天 | E7: 2 | F7: 2
A8: 5 | B8: 46093 | C8: 曾秀沐 | D8: 4天 | E8: 4
A9: 7 | B9: 46093 | C9: 邓英1 | D9: 4天 | E9: 4
A10: 8 | B10: 46093 | C10: 邓英2 | D10: 4天 | F10: 4
A11: 9 | B11: 46093 | C11: 杨光明 | D11: 4天 | E11: 4
E14: =SUM(E3:E13) -> 20 | F14: =SUM(F3:F13) -> 16

Sheet 3.16
A1: 石灰铺中心小学教师鲜奶领奶表
A2: 序号 | B2: 配送日期 | C2: 职工姓名 | D2: 配送天数 | E2: 鲜 | F2: 酸 | G2: 备注
A3: 1 | B3: 46097 | C3: 陈爱娣 | D3: 3天 | F3: 3
A4: 2 | B4: 46097 | C4: 冯倩1 | D4: 3天 | E4: 3
A5: 3 | B5: 46097 | C5: 冯倩2 | D5: 3天 | F5: 3
A6: 4 | B6: 46097 | C6: 吴小环 | D6: 3天 | E6: 2 | F6: 1
A7: 5 | B7: 46097 | C7: 吴小环 | D7: 3天 | E7: 2 | F7: 1
A8: 6 | B8: 46097 | C8: 曾秀沐 | D8: 3天 | E8: 3
A9: 7 | B9: 46097 | C9: 邓英1 | D9: 3天 | E9: 3
A10: 8 | B10: 46097 | C10: 邓英2 | D10: 3天 | F10: 3
A11: 9 | B11: 46097 | C11: 杨光明 | D11: 3天 | E11: 3
A12: 10 | B12: 46097 | C12: 李苍坚 | G12: 周一不送，周四送7支酸奶
E15: =SUM(E3:E14) -> 16 | F15: =SUM(F3:F14) -> 11

Sheet 3.19
A1: 石灰铺中心小学教师鲜奶领奶表
A2: 序号 | B2: 配送日期 | C2: 职工姓名 | D2: 配送天数 | E2: 鲜 | F2: 酸 | G2: 备注
A3: 1 | B3: 46100 | C3: 陈爱娣 | D3: 4天 | F3: 4
A4: 2 | B4: 46100 | C4: 冯倩1 | D4: 4天 | E4: 4
A5: 3 | B5: 46100 | C5: 冯倩2 | D5: 4天 | F5: 4
A6: 4 | B6: 46100 | C6: 吴小环 | D6: 4天 | E6: 2 | F6: 2
A7: 5 | B7: 46100 | C7: 吴小环 | D7: 4天 | E7: 2 | F7: 2
A8: 6 | B8: 46100 | C8: 曾秀沐 | D8: 4天 | E8: 4
A9: 7 | B9: 46100 | C9: 邓英1 | D9: 4天 | E9: 4
A10: 8 | B10: 46100 | C10: 邓英2 | D10: 4天 | F10: 4
A11: 9 | B11: 46100 | C11: 杨光明 | D11: 4天 | E11: 4
A12: 10 | B12: 46100 | C12: 李苍坚 | D12: 4天 | F12: 7 | G12: 周一不送，周四送7支酸奶
E15: =SUM(E3:E14) -> 20 | F15: =SUM(F3:F14) -> 23

Sheet 3.23
A1: 石灰铺中心小学教师鲜奶领奶表
A2: 序号 | B2: 配送日期 | C2: 职工姓名 | D2: 配送天数 | E2: 鲜 | F2: 酸 | G2: 备注
A3: 1 | B3: 46104 | C3: 陈爱娣 | D3: 3天 | F3: 3 | I3: =E3+F3 -> 3
A4: 2 | B4: 46104 | C4: 冯倩1 | D4: 3天 | E4: 3 | I4: =E4+F4 -> 3
A5: 3 | B5: 46104 | C5: 冯倩2 | D5: 3天 | F5: 3 | I5: =E5+F5 -> 3
A6: 4 | B6: 46104 | C6: 吴小环 | D6: 3天 | E6: 2 | F6: 1 | I6: =E6+F6 -> 3
A7: 5 | B7: 46104 | C7: 吴小环 | D7: 3天 | E7: 2 | F7: 1 | I7: =E7+F7 -> 3
A8: 6 | B8: 46104 | C8: 曾秀沐 | D8: 3天 | E8: 3 | I8: =E8+F8 -> 3
A9: 7 | B9: 46104 | C9: 邓英1 | D9: 3天 | E9: 3 | I9: =E9+F9 -> 3
A10: 8 | B10: 46104 | C10: 邓英2 | D10: 3天 | F10: 3 | I10: =E10+F10 -> 3
A11: 9 | B11: 46104 | C11: 杨光明 | D11: 3天 | E11: 3 | I11: =E11+F11 -> 3
A12: 10 | B12: 46104 | C12: 李苍坚 | E12: 0 | G12: 周一不送，周四送7支酸奶 | I12: =E12+F12 -> 0
I13: =E13+F13 -> 0
I14: =E14+F14 -> 0
E15: =SUM(E3:E14) -> 16 | F15: =SUM(F3:F14) -> 11 | I15: =E15+F15 -> 27

Sheet 3.26
A1: 石灰铺中心小学教师鲜奶领奶表
A2: 序号 | B2: 配送日期 | C2: 职工姓名 | D2: 配送天数 | E2: 鲜 | F2: 酸 | G2: 备注
A3: 1 | B3: 46107 | C3: 陈爱娣 | D3: 4天 | F3: 4 | I3: =E3+F3 -> 4
A4: 2 | B4: 46107 | C4: 冯倩1 | D4: 4天 | E4: 4 | I4: =E4+F4 -> 4
A5: 3 | B5: 46107 | C5: 冯倩2 | D5: 4天 | F5: 4 | I5: =E5+F5 -> 4
A6: 4 | B6: 46107 | C6: 吴小环 | D6: 4天 | E6: 2 | F6: 2 | I6: =E6+F6 -> 4
A7: 5 | B7: 46107 | C7: 吴小环 | D7: 4天 | E7: 2 | F7: 2 | I7: =E7+F7 -> 4
A8: 6 | B8: 46107 | C8: 曾秀沐 | D8: 4天 | E8: 4 | I8: =E8+F8 -> 4
A9: 7 | B9: 46107 | C9: 邓英1 | D9: 4天 | E9: 4 | I9: =E9+F9 -> 4
A10: 8 | B10: 46107 | C10: 邓英2 | D10: 4天 | F10: 4 | I10: =E10+F10 -> 4
A11: 9 | B11: 46107 | C11: 杨光明 | D11: 4天 | E11: 4 | I11: =E11+F11 -> 4
A12: 10 | B12: 46107 | C12: 李苍坚 | D12: 4天 | F12: 7 | G12: 周一不送，周四送7支酸奶 | I12: =E12+F12 -> 7
I13: =E13+F13 -> 0
I14: =E14+F14 -> 0
E15: =SUM(E3:E14) -> 20 | F15: =SUM(F3:F14) -> 23 | I15: =E15+F15 -> 43

Sheet 3.30
A1: 石灰铺中心小学教师鲜奶领奶表
A2: 序号 | B2: 配送日期 | C2: 职工姓名 | D2: 配送天数 | E2: 鲜 | F2: 酸 | G2: 备注
A3: 1 | B3: 46111 | C3: 陈爱娣 | D3: 3天 | F3: 3 | I3: =E3+F3 -> 3
A4: 2 | B4: 46111 | C4: 冯倩1 | D4: 3天 | E4: 3 | I4: =E4+F4 -> 3
A5: 3 | B5: 46111 | C5: 冯倩2 | D5: 3天 | F5: 3 | I5: =E5+F5 -> 3
A6: 4 | B6: 46111 | C6: 吴小环 | D6: 3天 | E6: 2 | F6: 1 | I6: =E6+F6 -> 3
A7: 5 | B7: 46111 | C7: 吴小环 | D7: 3天 | E7: 2 | F7: 1 | I7: =E7+F7 -> 3
A8: 6 | B8: 46111 | C8: 曾秀沐 | D8: 3天 | E8: 3 | I8: =E8+F8 -> 3
A9: 7 | B9: 46111 | C9: 邓英1 | D9: 3天 | E9: 3 | I9: =E9+F9 -> 3
A10: 8 | B10: 46111 | C10: 邓英2 | D10: 3天 | F10: 3 | I10: =E10+F10 -> 3
A11: 9 | B11: 46111 | C11: 杨光明 | D11: 3天 | E11: 3 | I11: =E11+F11 -> 3
A12: 10 | B12: 46111 | C12: 李苍坚 | E12: 0 | G12: 周一不送，周四送7支酸奶 | I12: =E12+F12 -> 0
I13: =E13+F13 -> 0
I14: =E14+F14 -> 0
E15: =SUM(E3:E14) -> 16 | F15: =SUM(F3:F14) -> 11 | I15: =E15+F15 -> 27

Sheet 4.2
A1: 石灰铺中心小学教师鲜奶领奶表
A2: 序号 | B2: 配送日期 | C2: 职工姓名 | D2: 配送天数 | E2: 鲜 | F2: 酸 | G2: 备注
A3: 1 | B3: 46114 | C3: 陈爱娣 | D3: 4天 | F3: 4 | I3: =E3+F3 -> 4
A4: 2 | B4: 46114 | C4: 冯倩1 | D4: 4天 | E4: 4 | I4: =E4+F4 -> 4
A5: 3 | B5: 46114 | C5: 冯倩2 | D5: 4天 | F5: 4 | I5: =E5+F5 -> 4
A6: 4 | B6: 46114 | C6: 吴小环 | D6: 4天 | E6: 2 | F6: 2 | I6: =E6+F6 -> 4
A7: 5 | B7: 46114 | C7: 吴小环 | D7: 4天 | E7: 2 | F7: 2 | I7: =E7+F7 -> 4
A8: 6 | B8: 46114 | C8: 曾秀沐 | D8: 4天 | E8: 4 | I8: =E8+F8 -> 4
A9: 7 | B9: 46114 | C9: 邓英1 | D9: 4天 | E9: 4 | I9: =E9+F9 -> 4
A10: 8 | B10: 46114 | C10: 邓英2 | D10: 4天 | F10: 4 | I10: =E10+F10 -> 4
A11: 9 | B11: 46114 | C11: 杨光明 | D11: 4天 | E11: 4 | I11: =E11+F11 -> 4
A12: 10 | B12: 46114 | C12: 李苍坚 | D12: 4天 | F12: 7 | G12: 周一不送，周四送7支酸奶 | I12: =E12+F12 -> 7
I13: =E13+F13 -> 0
I14: =E14+F14 -> 0
E15: =SUM(E3:E14) -> 20 | F15: =SUM(F3:F14) -> 23 | I15: =E15+F15 -> 43

Sheet 4.7
A1: 石灰铺中心小学教师鲜奶领奶表
A2: 序号 | B2: 配送日期 | C2: 职工姓名 | D2: 配送天数 | E2: 鲜 | F2: 酸 | G2: 备注
A3: 1 | B3: 46119 | C3: 陈爱娣 | D3: 3天 | F3: 3 | I3: =E3+F3 -> 3
A4: 2 | B4: 46119 | C4: 冯倩1 | D4: 3天 | E4: 3 | I4: =E4+F4 -> 3
A5: 3 | B5: 46119 | C5: 冯倩2 | D5: 3天 | F5: 3 | I5: =E5+F5 -> 3
A6: 4 | B6: 46119 | C6: 吴小环 | D6: 3天 | E6: 2 | F6: 1 | I6: =E6+F6 -> 3
A7: 5 | B7: 46119 | C7: 吴小环 | D7: 3天 | E7: 2 | F7: 1 | I7: =E7+F7 -> 3
A8: 6 | B8: 46119 | C8: 曾秀沐 | D8: 3天 | E8: 3 | I8: =E8+F8 -> 3
A9: 7 | B9: 46119 | C9: 邓英1 | D9: 3天 | E9: 3 | I9: =E9+F9 -> 3
A10: 8 | B10: 46119 | C10: 邓英2 | D10: 3天 | F10: 3 | I10: =E10+F10 -> 3
A11: 9 | B11: 46119 | C11: 杨光明 | D11: 3天 | E11: 3 | I11: =E11+F11 -> 3
A12: 10 | B12: 46119 | C12: 李苍坚 | E12: 0 | G12: 周一不送，周四送7支酸奶 | I12: =E12+F12 -> 0
I13: =E13+F13 -> 0
I14: =E14+F14 -> 0
E15: =SUM(E3:E14) -> 16 | F15: =SUM(F3:F14) -> 11 | I15: =E15+F15 -> 27

Sheet 4.9
A1: 石灰铺中心小学教师鲜奶领奶表
A2: 序号 | B2: 配送日期 | C2: 职工姓名 | D2: 配送天数 | E2: 鲜 | F2: 酸 | G2: 备注
A3: 1 | B3: 46121 | C3: 陈爱娣 | D3: 4天 | F3: 4 | I3: =E3+F3 -> 4
A4: 2 | B4: 46121 | C4: 冯倩1 | D4: 4天 | E4: 4 | I4: =E4+F4 -> 4
A5: 3 | B5: 46121 | C5: 冯倩2 | D5: 4天 | F5: 4 | I5: =E5+F5 -> 4
A6: 4 | B6: 46121 | C6: 吴小环 | D6: 4天 | E6: 2 | F6: 2 | I6: =E6+F6 -> 4
A7: 5 | B7: 46121 | C7: 吴小环 | D7: 4天 | E7: 2 | F7: 2 | I7: =E7+F7 -> 4
A8: 6 | B8: 46121 | C8: 曾秀沐 | D8: 4天 | E8: 4 | I8: =E8+F8 -> 4
A9: 7 | B9: 46121 | C9: 邓英1 | D9: 4天 | E9: 4 | I9: =E9+F9 -> 4
A10: 8 | B10: 46121 | C10: 邓英2 | D10: 4天 | F10: 4 | I10: =E10+F10 -> 4
A11: 9 | B11: 46121 | C11: 杨光明 | D11: 4天 | E11: 4 | I11: =E11+F11 -> 4
A12: 10 | B12: 46121 | C12: 李苍坚 | D12: 4天 | F12: 7 | G12: 周一不送，周四送7支酸奶 | I12: =E12+F12 -> 7
I13: =E13+F13 -> 0
I14: =E14+F14 -> 0
E15: =SUM(E3:E14) -> 20 | F15: =SUM(F3:F14) -> 23 | I15: =E15+F15 -> 43

Sheet 4.13
A1: 石灰铺中心小学教师鲜奶领奶表
A2: 序号 | B2: 配送日期 | C2: 职工姓名 | D2: 配送天数 | E2: 鲜 | F2: 酸 | G2: 备注
A3: 1 | B3: 46125 | C3: 陈爱娣 | D3: 3天 | F3: 3 | I3: =E3+F3 -> 3
A4: 2 | B4: 46125 | C4: 冯倩1 | D4: 3天 | E4: 3 | I4: =E4+F4 -> 3
A5: 3 | B5: 46125 | C5: 冯倩2 | D5: 3天 | F5: 3 | I5: =E5+F5 -> 3
A6: 4 | B6: 46125 | C6: 吴小环 | D6: 3天 | E6: 2 | F6: 1 | I6: =E6+F6 -> 3
A7: 5 | B7: 46125 | C7: 吴小环 | D7: 3天 | E7: 2 | F7: 1 | I7: =E7+F7 -> 3
A8: 6 | B8: 46125 | C8: 曾秀沐 | D8: 3天 | E8: 3 | I8: =E8+F8 -> 3
A9: 7 | B9: 46125 | C9: 邓英1 | D9: 3天 | E9: 3 | I9: =E9+F9 -> 3
A10: 8 | B10: 46125 | C10: 邓英2 | D10: 3天 | F10: 3 | I10: =E10+F10 -> 3
A11: 9 | B11: 46125 | C11: 杨光明 | D11: 3天 | E11: 3 | I11: =E11+F11 -> 3
A12: 10 | B12: 46125 | C12: 李苍坚 | E12: 0 | G12: 周一不送，周四送7支酸奶 | I12: =E12+F12 -> 0
I13: =E13+F13 -> 0
I14: =E14+F14 -> 0
E15: =SUM(E3:E14) -> 16 | F15: =SUM(F3:F14) -> 11 | I15: =E15+F15 -> 27

Sheet 4.16
A1: 石灰铺中心小学教师鲜奶领奶表
A2: 序号 | B2: 配送日期 | C2: 职工姓名 | D2: 配送天数 | E2: 鲜 | F2: 酸 | G2: 备注
A3: 1 | B3: 46128 | C3: 陈爱娣 | D3: 4天 | F3: 4 | I3: =E3+F3 -> 4
A4: 2 | B4: 46128 | C4: 冯倩1 | D4: 4天 | E4: 4 | I4: =E4+F4 -> 4
A5: 3 | B5: 46128 | C5: 冯倩2 | D5: 4天 | F5: 4 | I5: =E5+F5 -> 4
A6: 4 | B6: 46128 | C6: 吴小环 | D6: 4天 | E6: 2 | F6: 2 | I6: =E6+F6 -> 4
A7: 5 | B7: 46128 | C7: 吴小环 | D7: 4天 | E7: 2 | F7: 2 | I7: =E7+F7 -> 4
A8: 6 | B8: 46128 | C8: 曾秀沐 | D8: 4天 | E8: 4 | I8: =E8+F8 -> 4
A9: 7 | B9: 46128 | C9: 邓英1 | D9: 4天 | E9: 4 | I9: =E9+F9 -> 4
A10: 8 | B10: 46128 | C10: 邓英2 | D10: 4天 | F10: 4 | I10: =E10+F10 -> 4
A11: 9 | B11: 46128 | C11: 杨光明 | D11: 4天 | E11: 4 | I11: =E11+F11 -> 4
A12: 10 | B12: 46128 | C12: 李苍坚 | D12: 4天 | F12: 7 | G12: 周一不送，周四送7支酸奶 | I12: =E12+F12 -> 7
I13: =E13+F13 -> 0
I14: =E14+F14 -> 0
E15: =SUM(E3:E14) -> 20 | F15: =SUM(F3:F14) -> 23 | I15: =E15+F15 -> 43

Sheet 4.20
A1: 石灰铺中心小学教师鲜奶领奶表
A2: 序号 | B2: 配送日期 | C2: 职工姓名 | D2: 配送天数 | E2: 鲜 | F2: 酸 | G2: 备注
A3: 1 | B3: 46132 | C3: 陈爱娣 | D3: 3天 | F3: 3 | I3: =E3+F3 -> 3
A4: 2 | B4: 46132 | C4: 冯倩1 | D4: 3天 | E4: 3 | I4: =E4+F4 -> 3
A5: 3 | B5: 46132 | C5: 冯倩2 | D5: 3天 | F5: 3 | I5: =E5+F5 -> 3
A6: 4 | B6: 46132 | C6: 吴小环 | D6: 3天 | E6: 2 | F6: 1 | I6: =E6+F6 -> 3
A7: 5 | B7: 46132 | C7: 吴小环 | D7: 3天 | E7: 2 | F7: 1 | I7: =E7+F7 -> 3
A8: 6 | B8: 46132 | C8: 曾秀沐 | D8: 3天 | E8: 3 | I8: =E8+F8 -> 3
A9: 7 | B9: 46132 | C9: 邓英1 | D9: 3天 | E9: 3 | I9: =E9+F9 -> 3
A10: 8 | B10: 46132 | C10: 邓英2 | D10: 3天 | F10: 3 | I10: =E10+F10 -> 3
A11: 9 | B11: 46132 | C11: 杨光明 | D11: 3天 | E11: 3 | I11: =E11+F11 -> 3
A12: 10 | B12: 46132 | C12: 李苍坚 | E12: 0 | G12: 周一不送，周四送7支酸奶 | I12: =E12+F12 -> 0
I13: =E20+F20 -> 0
I14: =E14+F14 -> 0
E15: =SUM(E3:E14) -> 16 | F15: =SUM(F3:F14) -> 11 | I15: =E15+F15 -> 27

Sheet 4.23
A1: 石灰铺中心小学教师鲜奶领奶表
A2: 序号 | B2: 配送日期 | C2: 职工姓名 | D2: 配送天数 | E2: 鲜 | F2: 酸 | G2: 备注
A3: 1 | B3: 46135 | C3: 陈爱娣 | D3: 4天 | F3: 4 | I3: =E3+F3 -> 4
A4: 2 | B4: 46135 | C4: 冯倩1 | D4: 4天 | E4: 4 | I4: =E4+F4 -> 4
A5: 3 | B5: 46135 | C5: 冯倩2 | D5: 4天 | F5: 4 | I5: =E5+F5 -> 4
A6: 4 | B6: 46135 | C6: 吴小环 | D6: 4天 | E6: 2 | F6: 2 | I6: =E6+F6 -> 4
A7: 5 | B7: 46135 | C7: 吴小环 | D7: 4天 | E7: 2 | F7: 2 | I7: =E7+F7 -> 4
A8: 6 | B8: 46135 | C8: 曾秀沐 | D8: 4天 | E8: 4 | I8: =E8+F8 -> 4
A9: 7 | B9: 46135 | C9: 邓英1 | D9: 4天 | E9: 4 | I9: =E23+F23 -> 0
A10: 8 | B10: 46135 | C10: 邓英2 | D10: 4天 | F10: 4 | I10: =E10+F10 -> 4
A11: 23 | B11: 46135 | C11: 杨光明 | D11: 4天 | E11: 4 | I11: =E11+F11 -> 4
A12: 10 | B12: 46135 | C12: 李苍坚 | D12: 4天 | F12: 7 | G12: 周一不送，周四送7支酸奶 | I12: =E12+F12 -> 7
I13: =E13+F13 -> 0
I14: =E14+F14 -> 0
E15: =SUM(E3:E14) -> 20 | F15: =SUM(F3:F14) -> 23 | I15: =E15+F15 -> 43

Sheet 4.27
A1: 石灰铺中心小学教师鲜奶领奶表
A2: 序号 | B2: 配送日期 | C2: 职工姓名 | D2: 配送天数 | E2: 鲜 | F2: 酸 | G2: 备注
A3: 1 | B3: 46139 | C3: 陈爱娣 | D3: 3天 | F3: 3 | I3: =E3+F3 -> 3
A4: 2 | B4: 46139 | C4: 冯倩1 | D4: 3天 | E4: 3 | I4: =E4+F4 -> 3
A5: 3 | B5: 46139 | C5: 冯倩2 | D5: 3天 | F5: 3 | I5: =E5+F5 -> 3
A6: 4 | B6: 46139 | C6: 吴小环 | D6: 3天 | E6: 2 | F6: 1 | I6: =E6+F6 -> 3
A7: 5 | B7: 46139 | C7: 吴小环 | D7: 3天 | E7: 2 | F7: 1 | I7: =E7+F7 -> 3
A8: 6 | B8: 46139 | C8: 曾秀沐 | D8: 3天 | E8: 3 | I8: =E8+F8 -> 3
A9: 7 | B9: 46139 | C9: 邓英1 | D9: 3天 | E9: 3 | I9: =E9+F9 -> 3
A10: 8 | B10: 46139 | C10: 邓英2 | D10: 3天 | F10: 3 | I10: =E10+F10 -> 3
A11: 9 | B11: 46139 | C11: 杨光明 | D11: 3天 | E11: 3 | I11: =E11+F11 -> 3
A12: 10 | B12: 46139 | C12: 李苍坚 | E12: 0 | G12: 周一不送，周四送7支酸奶 | I12: =E12+F12 -> 0
I13: =E27+F27 -> 0
I14: =E14+F14 -> 0
E15: =SUM(E3:E14) -> 16 | F15: =SUM(F3:F14) -> 11 | I15: =E15+F15 -> 27

Sheet 4.30
A1: 石灰铺中心小学教师鲜奶领奶表
A2: 序号 | B2: 配送日期 | C2: 职工姓名 | D2: 配送天数 | E2: 鲜 | F2: 酸 | G2: 备注
A3: 1 | B3: 46142 | C3: 陈爱娣 | D3: 4天 | F3: 4 | I3: =E3+F3 -> 4
A4: 2 | B4: 46142 | C4: 冯倩1 | D4: 4天 | E4: 4 | I4: =E4+F4 -> 4
A5: 3 | B5: 46142 | C5: 冯倩2 | D5: 4天 | F5: 4 | I5: =E5+F5 -> 4
A6: 4 | B6: 46142 | C6: 吴小环 | D6: 4天 | E6: 2 | F6: 2 | I6: =E6+F6 -> 4
A7: 5 | B7: 46142 | C7: 吴小环 | D7: 4天 | E7: 2 | F7: 2 | I7: =E7+F7 -> 4
A8: 6 | B8: 46142 | C8: 曾秀沐 | D8: 4天 | E8: 4 | I8: =E8+F8 -> 4
A9: 7 | B9: 46142 | C9: 邓英1 | D9: 4天 | E9: 4 | I9: =E30+F30 -> 0
A10: 8 | B10: 46142 | C10: 邓英2 | D10: 4天 | F10: 4 | I10: =E10+F10 -> 4
A11: 30 | B11: 46142 | C11: 杨光明 | D11: 4天 | E11: 4 | I11: =E11+F11 -> 4
A12: 10 | B12: 46142 | C12: 李苍坚 | D12: 4天 | F12: 7 | G12: 周一不送，周四送7支酸奶 | I12: =E12+F12 -> 7
I13: =E13+F13 -> 0
I14: =E14+F14 -> 0
E15: =SUM(E3:E14) -> 20 | F15: =SUM(F3:F14) -> 23 | I15: =E15+F15 -> 43
