Workbook

Sheet 老师
A1: 2026春季石灰铺中学教职工巴氏鲜奶补贴订购申请表（20份起送，特殊申请除外
A2: 本学期3月15日前订购一份赠送1本笔记本+1支花梨木圆珠笔
A3: 序号 | B3: 职工姓名 | C3: 联系电话 | D3: 订购种类（打√） | F3: 订购份数（100盒/210元） | H3: 备注
D4: 鲜奶（ ） 保质期7天 | E4: 乳酸（ ） 保质期15天 | F4: 市场原价 （3.5元/盒） | G4: 职工优惠价6折购 （2.1元/盒） | H4: 如果二个打√就各50支 | I4: 份数 | J4: 合计 | K4: 收款情况
A5: 1 | B5: 钟春兰 | C5: 13729638969 | E5: ✓ | F5: 350 | G5: 210 | I5: 1 | J5: =G5*I5 -> 210 | K5: 已收费
A6: 2 | B6: 江秀兰 | C6: 13610564895 | E6: √ | F6: 350 | G6: 210 | I6: 1 | J6: =G6*I6 -> 210 | K6: 已收费
A7: 3 | B7: 刘伍妹 | C7: 18024850729 | E7: ✔ | F7: 350 | G7: 210 | I7: 1 | J7: =G7*I7 -> 210 | K7: 已收费
A8: 4 | B8: 钟结花 | C8: 15914989890 | D8: ✔ | E8: ✔ | F8: 350 | G8: 210 | H8: 订2份，一份酸奶，一份鲜奶 | I8: 2 | J8: =G8*I8 -> 420 | K8: 已收费
A9: 5 | B9: 黄桂芳 | C9: 13413594099 | E9: ✔ | F9: 350 | G9: 210 | I9: 1 | J9: =G9*I9 -> 210 | L9: 已发微信
A10: 6 | B10: 谭艳文 | C10: 15820119505 | E10: ✔️ | F10: 350 | G10: 210 | I10: 1 | J10: =G10*I10 -> 210 | K10: 已收费
A11: 7 | B11: 李翠媛 | C11: 15219510981 | D11: √ | E11: √ | F11: 350 | G11: 210 | H11: 3/20加订1份，一共2份 | I11: 2 | J11: =G11*I11 -> 420 | K11: 已收费
A12: 8 | B12: 黄美玲 | C12: 15219828925 | D12: √ | E12: √ | F12: 350 | G12: 210 | I12: 1 | J12: =G12*I12 -> 210 | K12: 已收费
A13: 9 | B13: 陈学玲 | C13: 13535998904 | D13: √ | E13: √ | F13: 350 | G13: 210 | I13: 1 | J13: =G13*I13 -> 210 | K13: 已收费 | L13: 已发微信
A14: 10 | B14: 曾辉玲 | C14: 18814382439 | D14: ✓ | F14: 350 | G14: 210 | I14: 1 | J14: =G14*I14 -> 210 | K14: 已收费
A15: 11 | B15: 麦秋婵 | C15: 13726974907 | E15: ✓ | F15: 350 | G15: 210 | I15: 1 | J15: =G15*I15 -> 210 | K15: 已收费
A16: 12 | B16: 黄神娣 | C16: 13631061481 | D16: √ | F16: 350 | G16: 210 | I16: 1 | J16: =G16*I16 -> 210 | K16: 已收费
A17: 13 | B17: 李铁映 | C17: 13232962525 | E17: √ | F17: 350 | G17: 210 | H17: 5月1号后配送 | I17: 1 | J17: =G17*I17 -> 210 | K17: 已收费
A18: 14 | B18: 付小霞 | C18: 13729659982 | E18: √ | F18: 350 | G18: 210 | I18: 1 | J18: =G18*I18 -> 210 | K18: 已收费
A19: 15 | B19: 钟欢乐 | D19: √ | F19: 350 | G19: 210 | H19: 已收费 | I19: 1 | J19: =G19*I19 -> 210 | K19: 已收费
A20: 16 | B20: 李秀群 | C20: 13553900381 | D20: √ | E20: √ | F20: 350 | G20: 210 | H20: 4支酸奶，3支鲜奶 3天送2酸1鲜 4天送2酸2鲜 | I20: 1 | J20: =G20*I20 -> 210 | K20: 已收费
A21: 17 | B21: 巫月云 | C21: 13620582241 | E21: √ | F21: 350 | G21: 210 | H21: 3/12加单 | I21: 1 | J21: =G21*I21 -> 210 | K21: 已收费
A22: 18 | B22: 罗开府 | C22: 15917513204 | E22: ✓ | F22: 350 | G22: 210 | H22: 3/30新增，已收款 | I22: 1 | J22: =G22*I22 -> 210 | K22: 已收费
A23: 19 | F23: 350 | G23: 210
A24: 20 | F24: 350 | G24: 210
A25: 21 | F25: 350 | G25: 210
A26: 22 | F26: 350 | G26: 210
A27: 23 | F27: 350 | G27: 210
A28: 24 | F28: 350 | G28: 210
A29: 25 | F29: 350 | G29: 210
A30: 26 | F30: 350 | G30: 210
A31: 27 | F31: 350 | G31: 210
A32: 28 | F32: 350 | G32: 210
A33: 29 | F33: 350 | G33: 210
A34: 30 | F34: 350 | G34: 210
... A42: 38 | F42: 350 | G42: 210

Sheet 领奶表
A1: 英德市石灰铺中学教师鲜奶领奶表
A2: （ ）月份（填写领取数量/盒）
A3: 序号 | B3: 姓名 | C3: 1 | D3: 2 | E3: 3 | F3: 4 | G3: 5 | H3: 6 | I3: 7 | J3: 8 | K3: 9 | L3: 10 | M3: 11 | N3: 12 | O3: 13 | P3: 14 | Q3: 15 | R3: 16 | S3: 17 | T3: 18 | U3: 19 | V3: 20 | W3: 21 | X3: 22 | Y3: 23 | Z3: 24 | AA3: 25 | AB3: 26 | AC3: 27 | AD3: 28 | AE3: 29 | AF3: 30
A4: 1 | B4: 钟春兰
A5: 2 | B5: 江秀兰
A6: 3 | B6: 刘伍妹
A7: 13 | B7: 钟结花
A8: 14 | B8: 黄桂芳
A9: 15 | B9: 谭艳文
A10: 16 | B10: 李翠媛
A11: 17 | B11: 黄美玲
A12: 18 | B12: 陈学玲
B13: 曾辉玲
B14: 麦秋婵
B15: 黄神娣
B16: 李铁映
B17: 付小霞

Sheet 签收
A1: 石灰铺中学教师鲜奶赠品领取表
A2: 序号 | B2: 配送日期 | C2: 职工姓名 | D2: 礼品份数 （笔记本+笔） | E2: 签名 | F2: 备注
A3: 1 | B3: 46093 | C3: 钟春兰 | D3: 1
A4: 2 | B4: 46093 | C4: 江秀兰 | D4: 1
A5: 3 | B5: 46093 | C5: 刘伍妹 | D5: 1
A6: 4 | B6: 46093 | C6: 钟结花1 | D6: 1
A7: 5 | B7: 46093 | C7: 钟结花2 | D7: 1
A8: 6 | B8: 46093 | C8: 黄桂芳 | D8: 1
A9: 7 | B9: 46093 | C9: 谭艳文 | D9: 1
A10: 8 | B10: 46093 | C10: 李翠媛 | D10: 1
A11: 9 | B11: 46093 | C11: 黄美玲 | D11: 1
A12: 10 | B12: 46093 | C12: 陈学玲 | D12: 1
A13: 11 | B13: 46093 | C13: 曾辉玲 | D13: 1
A14: 12 | B14: 46093 | C14: 麦秋婵 | D14: 1
A15: 13 | B15: 46093 | C15: 黄神娣 | D15: 1 | I15: 名单发群+分发老师
A16: 14 | B16: 46093 | C16: 付小霞 | D16: 1
A17: 15 | B17: 46093 | C17: 钟欢乐 | D17: 1
A18: 16 | B18: 46093 | C18: 李秀群 | D18: 1
C19: 巫月云 | D19: 1 | F19: 3.19送
D20: 17

Sheet 配送汇总
A1: 英德市石灰铺中学教师鲜奶领奶表
A2: 序号 | B2: 姓名 | C2: 订购份数 | D2: 46090 | E2: 46093 | F2: 46097 | G2: 46100 | H2: 46104 | I2: 46107 | J2: 46111 | K2: 46114 | L2: 46119 | M2: 46121 | N2: 46125 | O2: 46128 | P2: 46132 | Q2: 46135 | R2: 46139 | S2: 46142 | AB2: 总计 | AC2: 剩余
A3: 1 | B3: 钟春兰 | C3: 100 | D3: 3 | E3: 4 | F3: 3 | G3: 4 | H3: 3 | I3: 4 | J3: 3 | K3: 4 | L3: 3 | M3: 4 | N3: =SUMIF('4.13'!$C$3:C50,B3,'4.13'!$I$3:I50) -> 3 | O3: =SUMIF('4.16'!$C$3:D50,B3,'4.16'!$I$3:J50) -> 4 | P3: =SUMIF('4.20'!$C$3:E50,B3,'4.20'!$I$3:K50) -> 3 | Q3: =SUMIF('4.23'!$C$3:F50,B3,'4.23'!$I$3:L50) -> 4 | R3: =SUMIF('4.27'!$C$3:G50,B3,'4.27'!$I$3:M50) -> 3 | S3: =SUMIF('4.30'!$C$3:H50,B3,'4.30'!$I$3:N50) -> 4 | AB3: =SUM(D3:AA3) -> 56 | AC3: =C3-AB3 -> 44
A4: 2 | B4: 江秀兰 | C4: 100 | D4: 3 | E4: 4 | F4: 3 | G4: 4 | H4: 3 | I4: 4 | J4: 3 | K4: 4 | L4: 3 | M4: 4 | N4: =SUMIF('4.13'!$C$3:C51,B4,'4.13'!$I$3:I51) -> 3 | O4: =SUMIF('4.16'!$C$3:D51,B4,'4.16'!$I$3:J51) -> 4 | P4: =SUMIF('4.20'!$C$3:E51,B4,'4.20'!$I$3:K51) -> 3 | Q4: =SUMIF('4.23'!$C$3:F51,B4,'4.23'!$I$3:L51) -> 4 | R4: =SUMIF('4.27'!$C$3:G51,B4,'4.27'!$I$3:M51) -> 3 | S4: =SUMIF('4.30'!$C$3:H51,B4,'4.30'!$I$3:N51) -> 4 | AB4: =SUM(D4:AA4) -> 56 | AC4: =C4-AB4 -> 44
A5: 3 | B5: 刘伍妹 | C5: 100 | D5: 3 | E5: 4 | F5: 3 | G5: 4 | H5: 3 | I5: 4 | J5: 3 | K5: 4 | L5: 3 | M5: 4 | N5: =SUMIF('4.13'!$C$3:C52,B5,'4.13'!$I$3:I52) -> 3 | O5: =SUMIF('4.16'!$C$3:D52,B5,'4.16'!$I$3:J52) -> 4 | P5: =SUMIF('4.20'!$C$3:E52,B5,'4.20'!$I$3:K52) -> 3 | Q5: =SUMIF('4.23'!$C$3:F52,B5,'4.23'!$I$3:L52) -> 4 | R5: =SUMIF('4.27'!$C$3:G52,B5,'4.27'!$I$3:M52) -> 3 | S5: =SUMIF('4.30'!$C$3:H52,B5,'4.30'!$I$3:N52) -> 4 | AB5: =SUM(D5:AA5) -> 56 | AC5: =C5-AB5 -> 44
A6: 4 | B6: 钟结花1 | C6: 100 | D6: 3 | E6: 4 | F6: 3 | G6: 4 | H6: 3 | I6: 4 | J6: 3 | K6: 4 | L6: 3 | M6: 4 | N6: =SUMIF('4.13'!$C$3:C53,B6,'4.13'!$I$3:I53) -> 3 | O6: =SUMIF('4.16'!$C$3:D53,B6,'4.16'!$I$3:J53) -> 4 | P6: =SUMIF('4.20'!$C$3:E53,B6,'4.20'!$I$3:K53) -> 3 | Q6: =SUMIF('4.23'!$C$3:F53,B6,'4.23'!$I$3:L53) -> 4 | R6: =SUMIF('4.27'!$C$3:G53,B6,'4.27'!$I$3:M53) -> 3 | S6: =SUMIF('4.30'!$C$3:H53,B6,'4.30'!$I$3:N53) -> 4 | AB6: =SUM(D6:AA6) -> 56 | AC6: =C6-AB6 -> 44
A7: 4 | B7: 钟结花2 | C7: 100 | D7: 0 | E7: 4 | F7: 6 | G7: 4 | H7: 3 | I7: 4 | J7: 3 | K7: 4 | L7: 3 | M7: 4 | N7: =SUMIF('4.13'!$C$3:C54,B7,'4.13'!$I$3:I54) -> 3 | O7: =SUMIF('4.16'!$C$3:D54,B7,'4.16'!$I$3:J54) -> 4 | P7: =SUMIF('4.20'!$C$3:E54,B7,'4.20'!$I$3:K54) -> 3 | Q7: =SUMIF('4.23'!$C$3:F54,B7,'4.23'!$I$3:L54) -> 4 | R7: =SUMIF('4.27'!$C$3:G54,B7,'4.27'!$I$3:M54) -> 3 | S7: =SUMIF('4.30'!$C$3:H54,B7,'4.30'!$I$3:N54) -> 4 | AB7: =SUM(D7:AA7) -> 56 | AC7: =C7-AB7 -> 44
A8: 5 | B8: 黄桂芳 | C8: 100 | D8: 3 | E8: 4 | F8: 3 | G8: 4 | H8: 3 | I8: 4 | J8: 3 | K8: 4 | L8: 3 | M8: 4 | N8: =SUMIF('4.13'!$C$3:C55,B8,'4.13'!$I$3:I55) -> 3 | O8: =SUMIF('4.16'!$C$3:D55,B8,'4.16'!$I$3:J55) -> 4 | P8: =SUMIF('4.20'!$C$3:E55,B8,'4.20'!$I$3:K55) -> 3 | Q8: =SUMIF('4.23'!$C$3:F55,B8,'4.23'!$I$3:L55) -> 4 | R8: =SUMIF('4.27'!$C$3:G55,B8,'4.27'!$I$3:M55) -> 3 | S8: =SUMIF('4.30'!$C$3:H55,B8,'4.30'!$I$3:N55) -> 4 | AB8: =SUM(D8:AA8) -> 56 | AC8: =C8-AB8 -> 44
A9: 6 | B9: 谭艳文 | C9: 100 | D9: 3 | E9: 4 | F9: 3 | G9: 4 | H9: 3 | I9: 4 | J9: 3 | K9: 4 | L9: 3 | M9: 4 | N9: =SUMIF('4.13'!$C$3:C56,B9,'4.13'!$I$3:I56) -> 3 | O9: =SUMIF('4.16'!$C$3:D56,B9,'4.16'!$I$3:J56) -> 4 | P9: =SUMIF('4.20'!$C$3:E56,B9,'4.20'!$I$3:K56) -> 3 | Q9: =SUMIF('4.23'!$C$3:F56,B9,'4.23'!$I$3:L56) -> 4 | R9: =SUMIF('4.27'!$C$3:G56,B9,'4.27'!$I$3:M56) -> 3 | S9: =SUMIF('4.30'!$C$3:H56,B9,'4.30'!$I$3:N56) -> 4 | AB9: =SUM(D9:AA9) -> 56 | AC9: =C9-AB9 -> 44
A10: 7 | B10: 李翠媛1 | C10: 100 | D10: 3 | E10: 4 | F10: 3 | G10: 4 | H10: 3 | I10: 4 | J10: 3 | K10: 4 | L10: 3 | M10: 4 | N10: =SUMIF('4.13'!$C$3:C57,B10,'4.13'!$I$3:I57) -> 3 | O10: =SUMIF('4.16'!$C$3:D57,B10,'4.16'!$I$3:J57) -> 4 | P10: =SUMIF('4.20'!$C$3:E57,B10,'4.20'!$I$3:K57) -> 3 | Q10: =SUMIF('4.23'!$C$3:F57,B10,'4.23'!$I$3:L57) -> 4 | R10: =SUMIF('4.27'!$C$3:G57,B10,'4.27'!$I$3:M57) -> 3 | S10: =SUMIF('4.30'!$C$3:H57,B10,'4.30'!$I$3:N57) -> 4 | AB10: =SUM(D10:AA10) -> 56 | AC10: =C10-AB10 -> 44
A11: 8 | B11: 黄美玲 | C11: 100 | D11: 3 | E11: 4 | F11: 3 | G11: 4 | H11: 3 | I11: 4 | J11: 3 | K11: 4 | L11: 3 | M11: 4 | N11: =SUMIF('4.13'!$C$3:C58,B11,'4.13'!$I$3:I58) -> 3 | O11: =SUMIF('4.16'!$C$3:D58,B11,'4.16'!$I$3:J58) -> 4 | P11: =SUMIF('4.20'!$C$3:E58,B11,'4.20'!$I$3:K58) -> 3 | Q11: =SUMIF('4.23'!$C$3:F58,B11,'4.23'!$I$3:L58) -> 4 | R11: =SUMIF('4.27'!$C$3:G58,B11,'4.27'!$I$3:M58) -> 3 | S11: =SUMIF('4.30'!$C$3:H58,B11,'4.30'!$I$3:N58) -> 4 | AB11: =SUM(D11:AA11) -> 56 | AC11: =C11-AB11 -> 44
A12: 9 | B12: 陈学玲 | C12: 100 | D12: 3 | E12: 4 | F12: 3 | G12: 4 | H12: 3 | I12: 4 | J12: 3 | K12: 4 | L12: 3 | M12: 4 | N12: =SUMIF('4.13'!$C$3:C59,B12,'4.13'!$I$3:I59) -> 3 | O12: =SUMIF('4.16'!$C$3:D59,B12,'4.16'!$I$3:J59) -> 4 | P12: =SUMIF('4.20'!$C$3:E59,B12,'4.20'!$I$3:K59) -> 3 | Q12: =SUMIF('4.23'!$C$3:F59,B12,'4.23'!$I$3:L59) -> 4 | R12: =SUMIF('4.27'!$C$3:G59,B12,'4.27'!$I$3:M59) -> 3 | S12: =SUMIF('4.30'!$C$3:H59,B12,'4.30'!$I$3:N59) -> 4 | AB12: =SUM(D12:AA12) -> 56 | AC12: =C12-AB12 -> 44
A13: 10 | B13: 曾辉玲 | C13: 100 | D13: 3 | E13: 4 | F13: 3 | G13: 4 | H13: 3 | I13: 4 | J13: 3 | K13: 4 | L13: 3 | M13: 4 | N13: =SUMIF('4.13'!$C$3:C60,B13,'4.13'!$I$3:I60) -> 3 | O13: =SUMIF('4.16'!$C$3:D60,B13,'4.16'!$I$3:J60) -> 4 | P13: =SUMIF('4.20'!$C$3:E60,B13,'4.20'!$I$3:K60) -> 3 | Q13: =SUMIF('4.23'!$C$3:F60,B13,'4.23'!$I$3:L60) -> 4 | R13: =SUMIF('4.27'!$C$3:G60,B13,'4.27'!$I$3:M60) -> 3 | S13: =SUMIF('4.30'!$C$3:H60,B13,'4.30'!$I$3:N60) -> 4 | AB13: =SUM(D13:AA13) -> 56 | AC13: =C13-AB13 -> 44
A14: 11 | B14: 麦秋婵 | C14: 100 | D14: 3 | E14: 4 | F14: 3 | G14: 4 | H14: 3 | I14: 4 | J14: 3 | K14: 4 | L14: 3 | M14: 4 | N14: =SUMIF('4.13'!$C$3:C61,B14,'4.13'!$I$3:I61) -> 3 | O14: =SUMIF('4.16'!$C$3:D61,B14,'4.16'!$I$3:J61) -> 4 | P14: =SUMIF('4.20'!$C$3:E61,B14,'4.20'!$I$3:K61) -> 3 | Q14: =SUMIF('4.23'!$C$3:F61,B14,'4.23'!$I$3:L61) -> 4 | R14: =SUMIF('4.27'!$C$3:G61,B14,'4.27'!$I$3:M61) -> 3 | S14: =SUMIF('4.30'!$C$3:H61,B14,'4.30'!$I$3:N61) -> 4 | AB14: =SUM(D14:AA14) -> 56 | AC14: =C14-AB14 -> 44
A15: 12 | B15: 黄神娣 | C15: 100 | D15: 3 | E15: 4 | F15: 3 | G15: 4 | H15: 3 | I15: 4 | J15: 3 | K15: 4 | L15: 3 | M15: 4 | N15: =SUMIF('4.13'!$C$3:C62,B15,'4.13'!$I$3:I62) -> 3 | O15: =SUMIF('4.16'!$C$3:D62,B15,'4.16'!$I$3:J62) -> 4 | P15: =SUMIF('4.20'!$C$3:E62,B15,'4.20'!$I$3:K62) -> 3 | Q15: =SUMIF('4.23'!$C$3:F62,B15,'4.23'!$I$3:L62) -> 4 | R15: =SUMIF('4.27'!$C$3:G62,B15,'4.27'!$I$3:M62) -> 3 | S15: =SUMIF('4.30'!$C$3:H62,B15,'4.30'!$I$3:N62) -> 4 | AB15: =SUM(D15:AA15) -> 56 | AC15: =C15-AB15 -> 44
A16: 13 | B16: 李铁映 | C16: 100 | D16: 5月1号后配送 | N16: =SUMIF('4.13'!$C$3:C63,B16,'4.13'!$I$3:I63) -> 0 | O16: =SUMIF('4.16'!$C$3:D63,B16,'4.16'!$I$3:J63) -> 0 | P16: =SUMIF('4.20'!$C$3:E63,B16,'4.20'!$I$3:K63) -> 0 | Q16: =SUMIF('4.23'!$C$3:F63,B16,'4.23'!$I$3:L63) -> 0 | R16: =SUMIF('4.27'!$C$3:G63,B16,'4.27'!$I$3:M63) -> 0 | S16: =SUMIF('4.30'!$C$3:H63,B16,'4.30'!$I$3:N63) -> 0 | AB16: =SUM(D16:AA16) -> 0 | AC16: =C16-AB16 -> 100
A17: 14 | B17: 付小霞 | C17: 100 | D17: 3 | E17: 4 | F17: 3 | G17: 4 | H17: 3 | I17: 4 | J17: 3 | K17: 4 | L17: 3 | M17: 4 | N17: =SUMIF('4.13'!$C$3:C64,B17,'4.13'!$I$3:I64) -> 3 | O17: =SUMIF('4.16'!$C$3:D64,B17,'4.16'!$I$3:J64) -> 4 | P17: =SUMIF('4.20'!$C$3:E64,B17,'4.20'!$I$3:K64) -> 3 | Q17: =SUMIF('4.23'!$C$3:F64,B17,'4.23'!$I$3:L64) -> 4 | R17: =SUMIF('4.27'!$C$3:G64,B17,'4.27'!$I$3:M64) -> 3 | S17: =SUMIF('4.30'!$C$3:H64,B17,'4.30'!$I$3:N64) -> 4 | AB17: =SUM(D17:AA17) -> 56 | AC17: =C17-AB17 -> 44
A18: 15 | B18: 钟欢乐 | C18: 100 | D18: 3 | E18: 4 | F18: 3 | G18: 4 | H18: 3 | I18: 4 | J18: 3 | K18: 4 | L18: 3 | M18: 4 | N18: =SUMIF('4.13'!$C$3:C65,B18,'4.13'!$I$3:I65) -> 3 | O18: =SUMIF('4.16'!$C$3:D65,B18,'4.16'!$I$3:J65) -> 4 | P18: =SUMIF('4.20'!$C$3:E65,B18,'4.20'!$I$3:K65) -> 3 | Q18: =SUMIF('4.23'!$C$3:F65,B18,'4.23'!$I$3:L65) -> 4 | R18: =SUMIF('4.27'!$C$3:G65,B18,'4.27'!$I$3:M65) -> 3 | S18: =SUMIF('4.30'!$C$3:H65,B18,'4.30'!$I$3:N65) -> 4 | AB18: =SUM(D18:AA18) -> 56 | AC18: =C18-AB18 -> 44
A19: 16 | B19: 李秀群 | C19: 100 | D19: 0 | E19: 7 | F19: 3 | G19: 4 | H19: 3 | I19: 4 | J19: 3 | K19: 4 | L19: 3 | M19: 4 | N19: =SUMIF('4.13'!$C$3:C66,B19,'4.13'!$I$3:I66) -> 3 | O19: =SUMIF('4.16'!$C$3:D66,B19,'4.16'!$I$3:J66) -> 4 | P19: =SUMIF('4.20'!$C$3:E66,B19,'4.20'!$I$3:K66) -> 3 | Q19: =SUMIF('4.23'!$C$3:F66,B19,'4.23'!$I$3:L66) -> 4 | R19: =SUMIF('4.27'!$C$3:G66,B19,'4.27'!$I$3:M66) -> 3 | S19: =SUMIF('4.30'!$C$3:H66,B19,'4.30'!$I$3:N66) -> 4 | AB19: =SUM(D19:AA19) -> 56 | AC19: =C19-AB19 -> 44
A20: 17 | B20: 巫月云 | C20: 100 | D20: 0 | E20: 0 | F20: 6 | G20: 8 | H20: 3 | I20: 4 | J20: 3 | K20: 4 | L20: 3 | M20: 4 | N20: =SUMIF('4.13'!$C$3:C67,B20,'4.13'!$I$3:I67) -> 3 | O20: =SUMIF('4.16'!$C$3:D67,B20,'4.16'!$I$3:J67) -> 4 | P20: =SUMIF('4.20'!$C$3:E67,B20,'4.20'!$I$3:K67) -> 3 | Q20: =SUMIF('4.23'!$C$3:F67,B20,'4.23'!$I$3:L67) -> 4 | R20: =SUMIF('4.27'!$C$3:G67,B20,'4.27'!$I$3:M67) -> 3 | S20: =SUMIF('4.30'!$C$3:H67,B20,'4.30'!$I$3:N67) -> 4 | AB20: =SUM(D20:AA20) -> 56 | AC20: =C20-AB20 -> 44
A21: 18 | B21: 李翠媛2 | C21: 100 | I21: 8 | J21: 6 | K21: 8 | L21: 6 | M21: 7 | N21: =SUMIF('4.13'!$C$3:C68,B21,'4.13'!$I$3:I68) -> 3 | O21: =SUMIF('4.16'!$C$3:D68,B21,'4.16'!$I$3:J68) -> 4 | P21: =SUMIF('4.20'!$C$3:E68,B21,'4.20'!$I$3:K68) -> 3 | Q21: =SUMIF('4.23'!$C$3:F68,B21,'4.23'!$I$3:L68) -> 4 | R21: =SUMIF('4.27'!$C$3:G68,B21,'4.27'!$I$3:M68) -> 3 | S21: =SUMIF('4.30'!$C$3:H68,B21,'4.30'!$I$3:N68) -> 4 | AB21: =SUM(D21:AA21) -> 56 | AC21: =C21-AB21 -> 44
A22: 19 | B22: 罗开府 | C22: 100 | K22: 6 | L22: 5 | M22: 6 | N22: =SUMIF('4.13'!$C$3:C69,B22,'4.13'!$I$3:I69) -> 5 | O22: =SUMIF('4.16'!$C$3:D69,B22,'4.16'!$I$3:J69) -> 6 | P22: =SUMIF('4.20'!$C$3:E69,B22,'4.20'!$I$3:K69) -> 3 | Q22: =SUMIF('4.23'!$C$3:F69,B22,'4.23'!$I$3:L69) -> 4 | R22: =SUMIF('4.27'!$C$3:G69,B22,'4.27'!$I$3:M69) -> 3 | S22: =SUMIF('4.30'!$C$3:H69,B22,'4.30'!$I$3:N69) -> 4 | AB22: =SUM(D22:AA22) -> 42 | AC22: =C22-AB22 -> 58
A23: 20 | D23: =SUM(D3:D22) -> 42 | E23: =SUM(E3:E22) -> 67 | F23: =SUM(F3:F22) -> 57 | G23: =SUM(G3:G22) -> 72 | H23: =SUM(H3:H22) -> 51 | I23: =SUM(I3:I22) -> 76 | J23: =SUM(J3:J22) -> 57 | K23: =SUM(K3:K22) -> 82 | ... T23: =SUM(T3:T22) -> 0
A24: 21 | AB24: =SUM(D24:AA24) -> 0
A25: 22 | AB25: =SUM(D25:AA25) -> 0
A26: 23 | AB26: =SUM(D26:AA26) -> 0
A27: 24 | AB27: =SUM(D27:AA27) -> 0
A28: 25 | AB28: =SUM(D28:AA28) -> 0
A29: 26 | AB29: =SUM(D29:AA29) -> 0
A30: 27 | AB30: =SUM(D30:AA30) -> 0
A31: 28 | AB31: =SUM(D31:AA31) -> 0
A32: 29 | AB32: =SUM(D32:AA32) -> 0
A33: 30 | AB33: =SUM(D33:AA33) -> 0

Sheet 3.9
A1: 石灰铺中学教师鲜奶领奶表
A2: 序号 | B2: 配送日期 | C2: 职工姓名 | D2: 配送天数 | E2: 鲜 | F2: 酸 | G2: 备注
A3: 1 | B3: 46090 | C3: 钟春兰 | D3: 3天 | F3: 3
A4: 2 | B4: 46090 | C4: 江秀兰 | D4: 3天 | F4: 3
A5: 3 | B5: 46090 | C5: 刘伍妹 | D5: 3天 | F5: 3
A6: 4 | B6: 46090 | C6: 钟结花 | D6: 3天 | E6: 2 | F6: 1 | G6: 一份酸奶，一份鲜奶
A7: 5 | B7: 46090 | C7: 黄桂芳 | D7: 3天 | F7: 3
A8: 6 | B8: 46090 | C8: 谭艳文 | D8: 3天 | F8: 3
A9: 7 | B9: 46090 | C9: 李翠媛 | D9: 3天 | E9: 2 | F9: 1
A10: 8 | B10: 46090 | C10: 黄美玲 | D10: 3天 | E10: 2 | F10: 1
A11: 9 | B11: 46090 | C11: 陈学玲 | D11: 3天 | E11: 2 | F11: 1
A12: 10 | B12: 46090 | C12: 曾辉玲 | D12: 3天 | E12: 3
A13: 11 | B13: 46090 | C13: 麦秋婵 | D13: 3天 | F13: 3
A14: 12 | B14: 46090 | C14: 黄神娣 | D14: 3天 | E14: 3
A15: 13 | B15: 46090 | C15: 付小霞 | D15: 3天 | F15: 3
A16: 14 | B16: 46090 | C16: 钟欢乐 | D16: 3天 | E16: 3
E18: =SUM(E3:E17) -> 17 | F18: =SUM(F3:F17) -> 25
C19: 巫月云 | D19: 3天 | F19: 3 | G19: 3/12加单
C20: 钟结花2 | D20: 3天 | E20: 1 | F20: 2 | G20: 补发

Sheet 3.12
A1: 石灰铺中学教师鲜奶领奶表
A2: 序号 | B2: 配送日期 | C2: 职工姓名 | D2: 配送天数 | E2: 鲜 | F2: 酸 | G2: 备注
A3: 1 | B3: 46093 | C3: 钟春兰 | D3: 4天 | F3: 4
A4: 2 | B4: 46093 | C4: 江秀兰 | D4: 4天 | F4: 4
A5: 3 | B5: 46093 | C5: 刘伍妹 | D5: 4天 | F5: 4
A6: 4 | B6: 46093 | C6: 钟结花1 | D6: 4天 | E6: 4
A7: 5 | B7: 46093 | C7: 钟结花2 | D7: 4天 | F7: 4
A8: 6 | B8: 46093 | C8: 黄桂芳 | D8: 4天 | F8: 4
A9: 7 | B9: 46093 | C9: 谭艳文 | D9: 4天 | F9: 4
A10: 8 | B10: 46093 | C10: 李翠媛 | D10: 4天 | E10: 2 | F10: 2
A11: 9 | B11: 46093 | C11: 黄美玲 | D11: 4天 | E11: 2 | F11: 2
A12: 10 | B12: 46093 | C12: 陈学玲 | D12: 4天 | E12: 2 | F12: 2
A13: 11 | B13: 46093 | C13: 曾辉玲 | D13: 4天 | E13: 4
A14: 12 | B14: 46093 | C14: 麦秋婵 | D14: 4天 | F14: 4
A15: 13 | B15: 46093 | C15: 黄神娣 | D15: 4天 | E15: 4
A16: 14 | B16: 46093 | C16: 付小霞 | D16: 4天 | F16: 4
A17: 15 | B17: 46093 | C17: 钟欢乐 | D17: 4天 | E17: 4
A18: 16 | B18: 46093 | C18: 李秀群 | D18: 4天 | E18: 2 | F18: 2
A19: 17 | B19: 46093 | C19: 李秀群 | D19: 3天 | E19: 1 | F19: 2 | G19: 补发
E22: =SUM(E3:E21) -> 25 | F22: =SUM(F3:F21) -> 42
C24: 巫月云 | D24: 4天 | F24: 4

Sheet 3.16
A1: 石灰铺中学教师鲜奶领奶表
A2: 序号 | B2: 配送日期 | C2: 职工姓名 | D2: 配送天数 | E2: 鲜 | F2: 酸 | G2: 备注
A3: 1 | B3: 46097 | C3: 钟春兰 | D3: 3天 | F3: 3
A4: 2 | B4: 46097 | C4: 江秀兰 | D4: 3天 | F4: 3
A5: 3 | B5: 46097 | C5: 刘伍妹 | D5: 3天 | F5: 3
A6: 4 | B6: 46097 | C6: 钟结花1 | D6: 3天 | E6: 3
A7: 5 | B7: 46097 | C7: 钟结花2 | D7: 3天 | F7: 3
A8: 6 | B8: 46097 | C8: 黄桂芳 | D8: 3天 | F8: 3
A9: 7 | B9: 46097 | C9: 谭艳文 | D9: 3天 | F9: 3
A10: 8 | B10: 46097 | C10: 李翠媛 | D10: 3天 | E10: 2 | F10: 1
A11: 9 | B11: 46097 | C11: 黄美玲 | D11: 3天 | E11: 2 | F11: 1
A12: 10 | B12: 46097 | C12: 陈学玲 | D12: 3天 | E12: 2 | F12: 1
A13: 11 | B13: 46097 | C13: 曾辉玲 | D13: 3天 | E13: 3
A14: 12 | B14: 46097 | C14: 麦秋婵 | D14: 3天 | F14: 3
A15: 13 | B15: 46097 | C15: 黄神娣 | D15: 3天 | E15: 3
A16: 14 | B16: 46097 | C16: 付小霞 | D16: 3天 | F16: 3
A17: 15 | B17: 46097 | C17: 钟欢乐 | D17: 3天 | E17: 3
A18: 16 | B18: 46097 | C18: 李秀群 | D18: 3天 | E18: 2 | F18: 1
A19: 17 | B19: 46097 | C19: 巫月云 | D19: 3天 | F19: 3
A20: 18 | B20: 46097 | C20: 钟结花2 | D20: 补发 | E20: 1 | F20: 2
A21: 19 | B21: 46097 | C21: 巫月云 | D21: 补发 | F21: 3
E22: =SUM(E3:E21) -> 21 | F22: =SUM(F3:F21) -> 36

Sheet 3.19
A1: 石灰铺中学教师鲜奶领奶表
A2: 序号 | B2: 配送日期 | C2: 职工姓名 | D2: 配送天数 | E2: 鲜 | F2: 酸 | G2: 备注
A3: 1 | B3: 46100 | C3: 钟春兰 | D3: 4天 | F3: 4
A4: 2 | B4: 46100 | C4: 江秀兰 | D4: 4天 | F4: 4
A5: 3 | B5: 46100 | C5: 刘伍妹 | D5: 4天 | F5: 4
A6: 4 | B6: 46100 | C6: 钟结花1 | D6: 4天 | E6: 4
A7: 5 | B7: 46100 | C7: 钟结花2 | D7: 4天 | F7: 4
A8: 6 | B8: 46100 | C8: 黄桂芳 | D8: 4天 | F8: 4
A9: 7 | B9: 46100 | C9: 谭艳文 | D9: 4天 | F9: 4
A10: 8 | B10: 46100 | C10: 李翠媛 | D10: 4天 | E10: 2 | F10: 2
A11: 9 | B11: 46100 | C11: 黄美玲 | D11: 4天 | E11: 2 | F11: 2
A12: 10 | B12: 46100 | C12: 陈学玲 | D12: 4天 | E12: 2 | F12: 2
A13: 11 | B13: 46100 | C13: 曾辉玲 | D13: 4天 | E13: 4
A14: 12 | B14: 46100 | C14: 麦秋婵 | D14: 4天 | F14: 4
A15: 13 | B15: 46100 | C15: 黄神娣 | D15: 4天 | E15: 4
A16: 14 | B16: 46100 | C16: 付小霞 | D16: 4天 | F16: 4
A17: 15 | B17: 46100 | C17: 钟欢乐 | D17: 4天 | E17: 4
A18: 16 | B18: 46100 | C18: 李秀群 | D18: 4天 | E18: 2 | F18: 2
A19: 17 | B19: 46100 | C19: 巫月云 | D19: 4天 | F19: 4
B20: 46100 | C20: 巫月云 | D20: 补发 | F20: 4
E24: =SUM(E3:E23) -> 24 | F24: =SUM(F3:F23) -> 48

Sheet 3.23
A1: 石灰铺中学教师鲜奶领奶表
A2: 序号 | B2: 配送日期 | C2: 职工姓名 | D2: 配送天数 | E2: 鲜 | F2: 酸 | G2: 备注
A3: 1 | B3: 46104 | C3: 钟春兰 | D3: 3天 | F3: 3
A4: 2 | B4: 46104 | C4: 江秀兰 | D4: 3天 | F4: 3
A5: 3 | B5: 46104 | C5: 刘伍妹 | D5: 3天 | F5: 3
A6: 4 | B6: 46104 | C6: 钟结花1 | D6: 3天 | E6: 3
A7: 5 | B7: 46104 | C7: 钟结花2 | D7: 3天 | F7: 3
A8: 6 | B8: 46104 | C8: 黄桂芳 | D8: 3天 | F8: 3
A9: 7 | B9: 46104 | C9: 谭艳文 | D9: 3天 | F9: 3
A10: 8 | B10: 46104 | C10: 李翠媛 | D10: 3天 | E10: 2 | F10: 1
A11: 9 | B11: 46104 | C11: 黄美玲 | D11: 3天 | E11: 2 | F11: 1
A12: 10 | B12: 46104 | C12: 陈学玲 | D12: 3天 | E12: 2 | F12: 1
A13: 11 | B13: 46104 | C13: 曾辉玲 | D13: 3天 | E13: 3
A14: 12 | B14: 46104 | C14: 麦秋婵 | D14: 3天 | F14: 3
A15: 13 | B15: 46104 | C15: 黄神娣 | D15: 3天 | E15: 3
A16: 14 | B16: 46104 | C16: 付小霞 | D16: 3天 | F16: 3
A17: 15 | B17: 46104 | C17: 钟欢乐 | D17: 3天 | E17: 3
A18: 16 | B18: 46104 | C18: 李秀群 | D18: 3天 | E18: 1 | F18: 2 | G18: 2酸一鲜
A19: 17 | B19: 46104 | C19: 巫月云 | D19: 3天 | F19: 3
E24: =SUM(E3:E23) -> 19 | F24: =SUM(F3:F23) -> 32

Sheet 3.26
A1: 石灰铺中学教师鲜奶领奶表
A2: 序号 | B2: 配送日期 | C2: 职工姓名 | D2: 配送天数 | E2: 鲜 | F2: 酸 | G2: 备注 | I2: 名单发老师
A3: 1 | B3: 46107 | C3: 钟春兰 | D3: 4天 | F3: 4
A4: 2 | B4: 46107 | C4: 江秀兰 | D4: 4天 | F4: 4
A5: 3 | B5: 46107 | C5: 刘伍妹 | D5: 4天 | F5: 4
A6: 4 | B6: 46107 | C6: 钟结花1 | D6: 4天 | E6: 4
A7: 5 | B7: 46107 | C7: 钟结花2 | D7: 4天 | F7: 4
A8: 6 | B8: 46107 | C8: 黄桂芳 | D8: 4天 | F8: 4
A9: 7 | B9: 46107 | C9: 谭艳文 | D9: 4天 | F9: 4
A10: 8 | B10: 46107 | C10: 李翠媛1 | D10: 4天 | E10: 4
A11: 9 | B11: 46107 | C11: 黄美玲 | D11: 4天 | E11: 2 | F11: 2
A12: 10 | B12: 46107 | C12: 陈学玲 | D12: 4天 | E12: 2 | F12: 2
A13: 11 | B13: 46107 | C13: 曾辉玲 | D13: 4天 | E13: 4
A14: 12 | B14: 46107 | C14: 麦秋婵 | D14: 4天 | F14: 4
A15: 13 | B15: 46107 | C15: 黄神娣 | D15: 4天 | E15: 4
A16: 14 | B16: 46107 | C16: 付小霞 | D16: 4天 | F16: 4
A17: 15 | B17: 46107 | C17: 钟欢乐 | D17: 4天 | E17: 4
A18: 16 | B18: 46107 | C18: 李秀群 | D18: 4天 | E18: 2 | F18: 2
A19: 17 | B19: 46107 | C19: 巫月云 | D19: 4天 | F19: 4
A20: 18 | B20: 46107 | C20: 李翠媛2 | D20: 4天 | F20: 4
A21: 19 | B21: 46107 | C21: 李翠媛2 | D21: 4天 | F21: 4 | G21: 补送 | H21: 分几次补送，补完为止
E24: =SUM(E3:E23) -> 26 | F24: =SUM(F3:F23) -> 50

Sheet 3.30
A1: 石灰铺中学教师鲜奶领奶表
A2: 序号 | B2: 配送日期 | C2: 职工姓名 | D2: 配送天数 | E2: 鲜 | F2: 酸 | G2: 备注
A3: 1 | B3: 46111 | C3: 钟春兰 | D3: 3天 | F3: 3
A4: 2 | B4: 46111 | C4: 江秀兰 | D4: 3天 | F4: 3
A5: 3 | B5: 46111 | C5: 刘伍妹 | D5: 3天 | F5: 3
A6: 4 | B6: 46111 | C6: 钟结花1 | D6: 3天 | E6: 3
A7: 5 | B7: 46111 | C7: 钟结花2 | D7: 3天 | F7: 3
A8: 6 | B8: 46111 | C8: 黄桂芳 | D8: 3天 | F8: 3
A9: 7 | B9: 46111 | C9: 谭艳文 | D9: 3天 | F9: 3
A10: 8 | B10: 46111 | C10: 李翠媛 | D10: 3天 | E10: 2 | F10: 1
A11: 9 | B11: 46111 | C11: 黄美玲 | D11: 3天 | E11: 2 | F11: 1
A12: 10 | B12: 46111 | C12: 陈学玲 | D12: 3天 | E12: 2 | F12: 1
A13: 11 | B13: 46111 | C13: 曾辉玲 | D13: 3天 | E13: 3
A14: 12 | B14: 46111 | C14: 麦秋婵 | D14: 3天 | F14: 3
A15: 13 | B15: 46111 | C15: 黄神娣 | D15: 3天 | E15: 3
A16: 14 | B16: 46111 | C16: 付小霞 | D16: 3天 | F16: 3
A17: 15 | B17: 46111 | C17: 钟欢乐 | D17: 3天 | E17: 3
A18: 16 | B18: 46111 | C18: 李秀群 | D18: 3天 | E18: 1 | F18: 2 | G18: 2酸一鲜
A19: 17 | B19: 46111 | C19: 巫月云 | D19: 3天 | F19: 3
A20: 18 | B20: 46111 | C20: 李翠媛2 | D20: 3天 | F20: 3
A21: 19 | B21: 46111 | C21: 李翠媛2 | D21: 3天 | F21: 3 | G21: 补送 | H21: 分几次补送，补完为止
E24: =SUM(E3:E23) -> 19 | F24: =SUM(F3:F23) -> 38

Sheet 4.2
A1: 石灰铺中学教师鲜奶领奶表
A2: 序号 | B2: 配送日期 | C2: 职工姓名 | D2: 配送天数 | E2: 鲜 | F2: 酸 | G2: 备注 | I2: 名单发老师
A3: 1 | B3: 46114 | C3: 钟春兰 | D3: 4天 | F3: 4
A4: 2 | B4: 46114 | C4: 江秀兰 | D4: 4天 | F4: 4
A5: 3 | B5: 46114 | C5: 刘伍妹 | D5: 4天 | F5: 4
A6: 4 | B6: 46114 | C6: 钟结花1 | D6: 4天 | E6: 4
A7: 5 | B7: 46114 | C7: 钟结花2 | D7: 4天 | F7: 4
A8: 6 | B8: 46114 | C8: 黄桂芳 | D8: 4天 | F8: 4
A9: 7 | B9: 46114 | C9: 谭艳文 | D9: 4天 | F9: 4
A10: 8 | B10: 46114 | C10: 李翠媛1 | D10: 4天 | E10: 4
A11: 9 | B11: 46114 | C11: 黄美玲 | D11: 4天 | E11: 2 | F11: 2
A12: 10 | B12: 46114 | C12: 陈学玲 | D12: 4天 | E12: 2 | F12: 2
A13: 11 | B13: 46114 | C13: 曾辉玲 | D13: 4天 | E13: 4
A14: 12 | B14: 46114 | C14: 麦秋婵 | D14: 4天 | F14: 4
A15: 13 | B15: 46114 | C15: 黄神娣 | D15: 4天 | E15: 4
A16: 14 | B16: 46114 | C16: 付小霞 | D16: 4天 | F16: 4
A17: 15 | B17: 46114 | C17: 钟欢乐 | D17: 4天 | E17: 4
A18: 16 | B18: 46114 | C18: 李秀群 | D18: 4天 | E18: 2 | F18: 2
A19: 17 | B19: 46114 | C19: 巫月云 | D19: 4天 | F19: 4
A20: 18 | B20: 46114 | C20: 李翠媛2 | D20: 4天 | F20: 4
A21: 19 | B21: 46114 | C21: 李翠媛2 | D21: 4天 | F21: 4 | G21: 补送 | H21: 分几次补送，补完为止
A22: 24 | B22: 46114 | C22: 罗开府 | D22: 4天 | F22: 4
A23: 25 | B23: 46114 | C23: 罗开府 | F23: 2 | G23: 补发 | H23: 每批补两支，补到和其他老师数量一致
E26: =SUM(E3:E25) -> 26 | F26: =SUM(F3:F25) -> 56

Sheet 4.7
A1: 石灰铺中学教师鲜奶领奶表
A2: 序号 | B2: 配送日期 | C2: 职工姓名 | D2: 配送天数 | E2: 鲜 | F2: 酸 | G2: 备注
A3: 1 | B3: 46119 | C3: 钟春兰 | D3: 3天 | F3: 3
A4: 2 | B4: 46119 | C4: 江秀兰 | D4: 3天 | F4: 3
A5: 3 | B5: 46119 | C5: 刘伍妹 | D5: 3天 | F5: 3
A6: 4 | B6: 46119 | C6: 钟结花1 | D6: 3天 | E6: 3
A7: 5 | B7: 46119 | C7: 钟结花2 | D7: 3天 | F7: 3
A8: 6 | B8: 46119 | C8: 黄桂芳 | D8: 3天 | F8: 3
A9: 7 | B9: 46119 | C9: 谭艳文 | D9: 3天 | F9: 3
A10: 8 | B10: 46119 | C10: 李翠媛1 | D10: 3天 | E10: 2 | F10: 1
A11: 9 | B11: 46119 | C11: 黄美玲 | D11: 3天 | E11: 2 | F11: 1
A12: 10 | B12: 46119 | C12: 陈学玲 | D12: 3天 | E12: 2 | F12: 1
A13: 11 | B13: 46119 | C13: 曾辉玲 | D13: 3天 | E13: 3
A14: 12 | B14: 46119 | C14: 麦秋婵 | D14: 3天 | F14: 3
A15: 13 | B15: 46119 | C15: 黄神娣 | D15: 3天 | E15: 3
A16: 14 | B16: 46119 | C16: 付小霞 | D16: 3天 | F16: 3
A17: 15 | B17: 46119 | C17: 钟欢乐 | D17: 3天 | E17: 3
A18: 16 | B18: 46119 | C18: 李秀群 | D18: 3天 | E18: 1 | F18: 2 | G18: 1鲜2酸
A19: 17 | B19: 46119 | C19: 巫月云 | D19: 3天 | F19: 3
A20: 18 | B20: 46119 | C20: 李翠媛2 | D20: 3天 | F20: 3
A21: 19 | B21: 46119 | C21: 李翠媛2 | D21: 3天 | F21: 3 | G21: 补送 | H21: 分几次补送，补完为止
A22: 20 | B22: 46119 | C22: 罗开府 | D22: 3天 | F22: 3
A23: 21 | B23: 46119 | C23: 罗开府 | D23: 3天 | F23: 2 | G23: 补发 | H23: 每批补两支，补到和其他老师数量一致
E26: =SUM(E3:E25) -> 19 | F26: =SUM(F3:F25) -> 43

Sheet 4.9
A1: 石灰铺中学教师鲜奶领奶表
A2: 序号 | B2: 配送日期 | C2: 职工姓名 | D2: 配送天数 | E2: 鲜 | F2: 酸 | G2: 备注 | I2: 名单发老师
A3: 1 | B3: 46121 | C3: 钟春兰 | D3: 4天 | F3: 4
A4: 2 | B4: 46121 | C4: 江秀兰 | D4: 4天 | F4: 4
A5: 3 | B5: 46121 | C5: 刘伍妹 | D5: 4天 | F5: 4
A6: 4 | B6: 46121 | C6: 钟结花1 | D6: 4天 | E6: 4
A7: 5 | B7: 46121 | C7: 钟结花2 | D7: 4天 | F7: 4
A8: 6 | B8: 46121 | C8: 黄桂芳 | D8: 4天 | F8: 4
A9: 7 | B9: 46121 | C9: 谭艳文 | D9: 4天 | F9: 4
A10: 8 | B10: 46121 | C10: 李翠媛1 | D10: 4天 | E10: 4
A11: 9 | B11: 46121 | C11: 黄美玲 | D11: 4天 | E11: 2 | F11: 2
A12: 10 | B12: 46121 | C12: 陈学玲 | D12: 4天 | E12: 2 | F12: 2
A13: 11 | B13: 46121 | C13: 曾辉玲 | D13: 4天 | E13: 4
A14: 12 | B14: 46121 | C14: 麦秋婵 | D14: 4天 | F14: 4
A15: 13 | B15: 46121 | C15: 黄神娣 | D15: 4天 | E15: 4
A16: 14 | B16: 46121 | C16: 付小霞 | D16: 4天 | F16: 4
A17: 15 | B17: 46121 | C17: 钟欢乐 | D17: 4天 | E17: 4
A18: 16 | B18: 46121 | C18: 李秀群 | D18: 4天 | E18: 2 | F18: 2
A19: 17 | B19: 46121 | C19: 巫月云 | D19: 4天 | F19: 4
A20: 18 | B20: 46121 | C20: 李翠媛2 | D20: 4天 | F20: 4
A21: 19 | B21: 46121 | C21: 李翠媛2 | D21: 4天 | F21: 3 | G21: 补送 | H21: 已补完，下次不需再补
A22: 24 | B22: 46121 | C22: 罗开府 | D22: 4天 | F22: 4
A23: 25 | B23: 46121 | C23: 罗开府 | F23: 2 | G23: 补发 | H23: 每批补两支，补到和其他老师数量一致
A24: 26 | C24: 李铁映 | F24: 0 | G24: 5月1日后再送
E26: =SUM(E3:E25) -> 26 | F26: =SUM(F3:F25) -> 55

Sheet 4.13
A1: 石灰铺中学教师鲜奶领奶表
A2: 序号 | B2: 配送日期 | C2: 职工姓名 | D2: 配送天数 | E2: 鲜 | F2: 酸 | G2: 备注 | I2: 汇总
A3: 1 | B3: 46125 | C3: 钟春兰 | D3: 3天 | F3: 3 | I3: =E3+F3 -> 3
A4: 2 | B4: 46125 | C4: 江秀兰 | D4: 3天 | F4: 3 | I4: =E4+F4 -> 3
A5: 3 | B5: 46125 | C5: 刘伍妹 | D5: 3天 | F5: 3 | I5: =E5+F5 -> 3
A6: 4 | B6: 46125 | C6: 钟结花1 | D6: 3天 | E6: 3 | I6: =E6+F6 -> 3
A7: 5 | B7: 46125 | C7: 钟结花2 | D7: 3天 | F7: 3 | I7: =E7+F7 -> 3
A8: 6 | B8: 46125 | C8: 黄桂芳 | D8: 3天 | F8: 3 | I8: =E8+F8 -> 3
A9: 7 | B9: 46125 | C9: 谭艳文 | D9: 3天 | F9: 3 | I9: =E9+F9 -> 3
A10: 8 | B10: 46125 | C10: 李翠媛1 | D10: 3天 | E10: 2 | F10: 1 | I10: =E10+F10 -> 3
A11: 9 | B11: 46125 | C11: 黄美玲 | D11: 3天 | E11: 2 | F11: 1 | I11: =E11+F11 -> 3
A12: 10 | B12: 46125 | C12: 陈学玲 | D12: 3天 | E12: 2 | F12: 1 | I12: =E12+F12 -> 3
A13: 11 | B13: 46125 | C13: 曾辉玲 | D13: 3天 | E13: 3 | I13: =E13+F13 -> 3
A14: 12 | B14: 46125 | C14: 麦秋婵 | D14: 3天 | F14: 3 | I14: =E14+F14 -> 3
A15: 13 | B15: 46125 | C15: 黄神娣 | D15: 3天 | E15: 3 | I15: =E15+F15 -> 3
A16: 14 | B16: 46125 | C16: 付小霞 | D16: 3天 | F16: 3 | I16: =E16+F16 -> 3
A17: 15 | B17: 46125 | C17: 钟欢乐 | D17: 3天 | E17: 3 | I17: =E17+F17 -> 3
A18: 16 | B18: 46125 | C18: 李秀群 | D18: 3天 | E18: 1 | F18: 2 | G18: 1鲜2酸 | I18: =E18+F18 -> 3
A19: 17 | B19: 46125 | C19: 巫月云 | D19: 3天 | F19: 3 | I19: =E19+F19 -> 3
A20: 18 | B20: 46125 | C20: 李翠媛2 | D20: 3天 | F20: 3 | I20: =E20+F20 -> 3
A21: 20 | B21: 46125 | C21: 罗开府 | D21: 3天 | F21: 3 | I21: =E21+F21 -> 3
A22: 21 | B22: 46125 | C22: 罗开府 | D22: 3天 | F22: 2 | G22: 补发 | H22: 每批补两支，补到和其他老师数量一致 | I22: =E22+F22 -> 2
E25: =SUM(E3:E24) -> 19 | F25: =SUM(F3:F24) -> 40 | I25: =SUM(I3:I24) -> 59

Sheet 4.16
A1: 石灰铺中学教师鲜奶领奶表
A2: 序号 | B2: 配送日期 | C2: 职工姓名 | D2: 配送天数 | E2: 鲜 | F2: 酸 | G2: 备注 | I2: 汇总
A3: 1 | B3: 46128 | C3: 钟春兰 | D3: 4天 | F3: 4 | I3: =E3+F3 -> 4
A4: 2 | B4: 46128 | C4: 江秀兰 | D4: 4天 | F4: 4 | I4: =E4+F4 -> 4
A5: 3 | B5: 46128 | C5: 刘伍妹 | D5: 4天 | F5: 4 | I5: =E5+F5 -> 4
A6: 4 | B6: 46128 | C6: 钟结花1 | D6: 4天 | E6: 4 | I6: =E6+F6 -> 4
A7: 5 | B7: 46128 | C7: 钟结花2 | D7: 4天 | F7: 4 | I7: =E7+F7 -> 4
A8: 6 | B8: 46128 | C8: 黄桂芳 | D8: 4天 | F8: 4 | I8: =E8+F8 -> 4
A9: 7 | B9: 46128 | C9: 谭艳文 | D9: 4天 | F9: 4 | I9: =E9+F9 -> 4
A10: 8 | B10: 46128 | C10: 李翠媛1 | D10: 4天 | E10: 4 | I10: =E10+F10 -> 4
A11: 9 | B11: 46128 | C11: 黄美玲 | D11: 4天 | E11: 2 | F11: 2 | I11: =E11+F11 -> 4
A12: 10 | B12: 46128 | C12: 陈学玲 | D12: 4天 | E12: 2 | F12: 2 | I12: =E12+F12 -> 4
A13: 11 | B13: 46128 | C13: 曾辉玲 | D13: 4天 | E13: 4 | I13: =E13+F13 -> 4
A14: 12 | B14: 46128 | C14: 麦秋婵 | D14: 4天 | F14: 4 | I14: =E14+F14 -> 4
A15: 13 | B15: 46128 | C15: 黄神娣 | D15: 4天 | E15: 4 | I15: =E15+F15 -> 4
A16: 14 | B16: 46128 | C16: 付小霞 | D16: 4天 | F16: 4 | I16: =E16+F16 -> 4
A17: 15 | B17: 46128 | C17: 钟欢乐 | D17: 4天 | E17: 4 | I17: =E17+F17 -> 4
A18: 16 | B18: 46128 | C18: 李秀群 | D18: 4天 | E18: 2 | F18: 2 | G18: 1鲜2酸 | I18: =E18+F18 -> 4
A19: 17 | B19: 46128 | C19: 巫月云 | D19: 4天 | F19: 4 | I19: =E19+F19 -> 4
A20: 18 | B20: 46128 | C20: 李翠媛2 | D20: 4天 | F20: 4 | I20: =E20+F20 -> 4
A21: 20 | B21: 46128 | C21: 罗开府 | D21: 4天 | F21: 4 | I21: =E21+F21 -> 4
A22: 21 | B22: 46128 | C22: 罗开府 | F22: 2 | G22: 已补发完，下次不用补 | H22: 每批补两支，补到和其他老师数量一致 | I22: =E22+F22 -> 2
I23: =E23+F23 -> 0
I24: =E24+F24 -> 0
E25: =SUM(E3:E24) -> 26 | F25: =SUM(F3:F24) -> 52 | I25: =E25+F25 -> 78

Sheet 4.20
A1: 石灰铺中学教师鲜奶领奶表
A2: 序号 | B2: 配送日期 | C2: 职工姓名 | D2: 配送天数 | E2: 鲜 | F2: 酸 | G2: 备注 | I2: 汇总
A3: 1 | B3: 46132 | C3: 钟春兰 | D3: 3天 | F3: 3 | I3: =E3+F3 -> 3
A4: 2 | B4: 46132 | C4: 江秀兰 | D4: 3天 | F4: 3 | I4: =E4+F4 -> 3
A5: 3 | B5: 46132 | C5: 刘伍妹 | D5: 3天 | F5: 3 | I5: =E5+F5 -> 3
A6: 4 | B6: 46132 | C6: 钟结花1 | D6: 3天 | E6: 3 | I6: =E6+F6 -> 3
A7: 5 | B7: 46132 | C7: 钟结花2 | D7: 3天 | F7: 3 | I7: =E7+F7 -> 3
A8: 6 | B8: 46132 | C8: 黄桂芳 | D8: 3天 | F8: 3 | I8: =E8+F8 -> 3
A9: 7 | B9: 46132 | C9: 谭艳文 | D9: 3天 | F9: 3 | I9: =E9+F9 -> 3
A10: 8 | B10: 46132 | C10: 李翠媛1 | D10: 3天 | E10: 2 | F10: 1 | I10: =E10+F10 -> 3
A11: 9 | B11: 46132 | C11: 黄美玲 | D11: 3天 | E11: 2 | F11: 1 | I11: =E11+F11 -> 3
A12: 10 | B12: 46132 | C12: 陈学玲 | D12: 3天 | E12: 2 | F12: 1 | I12: =E12+F12 -> 3
A13: 11 | B13: 46132 | C13: 曾辉玲 | D13: 3天 | E13: 3 | I13: =E13+F13 -> 3
A14: 12 | B14: 46132 | C14: 麦秋婵 | D14: 3天 | F14: 3 | I14: =E14+F14 -> 3
A15: 13 | B15: 46132 | C15: 黄神娣 | D15: 3天 | E15: 3 | I15: =E15+F15 -> 3
A16: 14 | B16: 46132 | C16: 付小霞 | D16: 3天 | F16: 3 | I16: =E16+F16 -> 3
A17: 15 | B17: 46132 | C17: 钟欢乐 | D17: 3天 | E17: 3 | I17: =E17+F17 -> 3
A18: 16 | B18: 46132 | C18: 李秀群 | D18: 3天 | E18: 1 | F18: 2 | G18: 1鲜2酸 | I18: =E18+F18 -> 3
A19: 17 | B19: 46132 | C19: 巫月云 | D19: 3天 | F19: 3 | I19: =E19+F19 -> 3
A20: 18 | B20: 46132 | C20: 李翠媛2 | D20: 3天 | F20: 3 | I20: =E20+F20 -> 3
A21: 20 | B21: 46132 | C21: 罗开府 | D21: 3天 | F21: 3 | I21: =E21+F21 -> 3
E25: =SUM(E3:E24) -> 19 | F25: =SUM(F3:F24) -> 38 | I25: =SUM(I3:I24) -> 57

Sheet 4.23
A1: 石灰铺中学教师鲜奶领奶表
A2: 序号 | B2: 配送日期 | C2: 职工姓名 | D2: 配送天数 | E2: 鲜 | F2: 酸 | G2: 备注 | I2: 汇总
A3: 1 | B3: 46135 | C3: 钟春兰 | D3: 4天 | F3: 4 | I3: =E3+F3 -> 4
A4: 2 | B4: 46135 | C4: 江秀兰 | D4: 4天 | F4: 4 | I4: =E4+F4 -> 4
A5: 3 | B5: 46135 | C5: 刘伍妹 | D5: 4天 | F5: 4 | I5: =E5+F5 -> 4
A6: 4 | B6: 46135 | C6: 钟结花1 | D6: 4天 | E6: 4 | I6: =E6+F6 -> 4
A7: 5 | B7: 46135 | C7: 钟结花2 | D7: 4天 | F7: 4 | I7: =E7+F7 -> 4
A8: 6 | B8: 46135 | C8: 黄桂芳 | D8: 4天 | F8: 4 | I8: =E8+F8 -> 4
A9: 7 | B9: 46135 | C9: 谭艳文 | D9: 4天 | F9: 4 | I9: =E9+F9 -> 4
A10: 8 | B10: 46135 | C10: 李翠媛1 | D10: 4天 | E10: 4 | I10: =E10+F10 -> 4
A11: 9 | B11: 46135 | C11: 黄美玲 | D11: 4天 | E11: 2 | F11: 2 | I11: =E11+F11 -> 4
A12: 10 | B12: 46135 | C12: 陈学玲 | D12: 4天 | E12: 2 | F12: 2 | I12: =E12+F12 -> 4
A13: 11 | B13: 46135 | C13: 曾辉玲 | D13: 4天 | E13: 4 | I13: =E13+F13 -> 4
A14: 12 | B14: 46135 | C14: 麦秋婵 | D14: 4天 | F14: 4 | I14: =E14+F14 -> 4
A15: 13 | B15: 46135 | C15: 黄神娣 | D15: 4天 | E15: 4 | I15: =E15+F15 -> 4
A16: 14 | B16: 46135 | C16: 付小霞 | D16: 4天 | F16: 4 | I16: =E16+F16 -> 4
A17: 15 | B17: 46135 | C17: 钟欢乐 | D17: 4天 | E17: 4 | I17: =E17+F17 -> 4
A18: 16 | B18: 46135 | C18: 李秀群 | D18: 4天 | E18: 2 | F18: 2 | G18: 1鲜2酸 | I18: =E18+F18 -> 4
A19: 17 | B19: 46135 | C19: 巫月云 | D19: 4天 | F19: 4 | I19: =E19+F19 -> 4
A20: 18 | B20: 46135 | C20: 李翠媛2 | D20: 4天 | F20: 4 | I20: =E20+F20 -> 4
A21: 20 | B21: 46135 | C21: 罗开府 | D21: 4天 | F21: 4 | I21: =E21+F21 -> 4
I23: =E23+F23 -> 0
I24: =E24+F24 -> 0
E25: =SUM(E3:E24) -> 26 | F25: =SUM(F3:F24) -> 50 | I25: =E25+F25 -> 76

Sheet 4.27
A1: 石灰铺中学教师鲜奶领奶表
A2: 序号 | B2: 配送日期 | C2: 职工姓名 | D2: 配送天数 | E2: 鲜 | F2: 酸 | G2: 备注 | I2: 汇总
A3: 1 | B3: 46139 | C3: 钟春兰 | D3: 3天 | F3: 3 | I3: =E3+F3 -> 3
A4: 2 | B4: 46139 | C4: 江秀兰 | D4: 3天 | F4: 3 | I4: =E4+F4 -> 3
A5: 3 | B5: 46139 | C5: 刘伍妹 | D5: 3天 | F5: 3 | I5: =E5+F5 -> 3
A6: 4 | B6: 46139 | C6: 钟结花1 | D6: 3天 | E6: 3 | I6: =E6+F6 -> 3
A7: 5 | B7: 46139 | C7: 钟结花2 | D7: 3天 | F7: 3 | I7: =E7+F7 -> 3
A8: 6 | B8: 46139 | C8: 黄桂芳 | D8: 3天 | F8: 3 | I8: =E8+F8 -> 3
A9: 7 | B9: 46139 | C9: 谭艳文 | D9: 3天 | F9: 3 | I9: =E9+F9 -> 3
A10: 8 | B10: 46139 | C10: 李翠媛1 | D10: 3天 | E10: 2 | F10: 1 | I10: =E10+F10 -> 3
A11: 9 | B11: 46139 | C11: 黄美玲 | D11: 3天 | E11: 2 | F11: 1 | I11: =E11+F11 -> 3
A12: 10 | B12: 46139 | C12: 陈学玲 | D12: 3天 | E12: 2 | F12: 1 | I12: =E12+F12 -> 3
A13: 11 | B13: 46139 | C13: 曾辉玲 | D13: 3天 | E13: 3 | I13: =E13+F13 -> 3
A14: 12 | B14: 46139 | C14: 麦秋婵 | D14: 3天 | F14: 3 | I14: =E14+F14 -> 3
A15: 13 | B15: 46139 | C15: 黄神娣 | D15: 3天 | E15: 3 | I15: =E15+F15 -> 3
A16: 14 | B16: 46139 | C16: 付小霞 | D16: 3天 | F16: 3 | I16: =E16+F16 -> 3
A17: 15 | B17: 46139 | C17: 钟欢乐 | D17: 3天 | E17: 3 | I17: =E17+F17 -> 3
A18: 16 | B18: 46139 | C18: 李秀群 | D18: 3天 | E18: 1 | F18: 2 | G18: 1鲜2酸 | I18: =E18+F18 -> 3
A19: 17 | B19: 46139 | C19: 巫月云 | D19: 3天 | F19: 3 | I19: =E19+F19 -> 3
A20: 18 | B20: 46139 | C20: 李翠媛2 | D20: 3天 | F20: 3 | I20: =E20+F20 -> 3
A21: 20 | B21: 46139 | C21: 罗开府 | D21: 3天 | F21: 3 | I21: =E21+F21 -> 3
E25: =SUM(E3:E24) -> 19 | F25: =SUM(F3:F24) -> 38 | I25: =SUM(I3:I24) -> 57

Sheet 4.30
A1: 石灰铺中学教师鲜奶领奶表
A2: 序号 | B2: 配送日期 | C2: 职工姓名 | D2: 配送天数 | E2: 鲜 | F2: 酸 | G2: 备注 | I2: 汇总
A3: 1 | B3: 46142 | C3: 钟春兰 | D3: 4天 | F3: 4 | I3: =E3+F3 -> 4
A4: 2 | B4: 46142 | C4: 江秀兰 | D4: 4天 | F4: 4 | I4: =E4+F4 -> 4
A5: 3 | B5: 46142 | C5: 刘伍妹 | D5: 4天 | F5: 4 | I5: =E5+F5 -> 4
A6: 4 | B6: 46142 | C6: 钟结花1 | D6: 4天 | E6: 4 | I6: =E6+F6 -> 4
A7: 5 | B7: 46142 | C7: 钟结花2 | D7: 4天 | F7: 4 | I7: =E7+F7 -> 4
A8: 6 | B8: 46142 | C8: 黄桂芳 | D8: 4天 | F8: 4 | I8: =E8+F8 -> 4
A9: 7 | B9: 46142 | C9: 谭艳文 | D9: 4天 | F9: 4 | I9: =E9+F9 -> 4
A10: 8 | B10: 46142 | C10: 李翠媛1 | D10: 4天 | E10: 4 | I10: =E10+F10 -> 4
A11: 9 | B11: 46142 | C11: 黄美玲 | D11: 4天 | E11: 2 | F11: 2 | I11: =E11+F11 -> 4
A12: 10 | B12: 46142 | C12: 陈学玲 | D12: 4天 | E12: 2 | F12: 2 | I12: =E12+F12 -> 4
A13: 11 | B13: 46142 | C13: 曾辉玲 | D13: 4天 | E13: 4 | I13: =E13+F13 -> 4
A14: 12 | B14: 46142 | C14: 麦秋婵 | D14: 4天 | F14: 4 | I14: =E14+F14 -> 4
A15: 13 | B15: 46142 | C15: 黄神娣 | D15: 4天 | E15: 4 | I15: =E15+F15 -> 4
A16: 14 | B16: 46142 | C16: 付小霞 | D16: 4天 | F16: 4 | I16: =E16+F16 -> 4
A17: 15 | B17: 46142 | C17: 钟欢乐 | D17: 4天 | E17: 4 | I17: =E17+F17 -> 4
A18: 16 | B18: 46142 | C18: 李秀群 | D18: 4天 | E18: 2 | F18: 2 | G18: 1鲜2酸 | I18: =E18+F18 -> 4
A19: 17 | B19: 46142 | C19: 巫月云 | D19: 4天 | F19: 4 | I19: =E19+F19 -> 4
A20: 18 | B20: 46142 | C20: 李翠媛2 | D20: 4天 | F20: 4 | I20: =E20+F20 -> 4
A21: 20 | B21: 46142 | C21: 罗开府 | D21: 4天 | F21: 4 | I21: =E21+F21 -> 4
I23: =E23+F23 -> 0
I24: =E24+F24 -> 0
E25: =SUM(E3:E24) -> 26 | F25: =SUM(F3:F24) -> 50 | I25: =E25+F25 -> 76
