Workbook

Sheet 老师
A1: 2026春季石牯塘中心小学教职工巴氏鲜奶补贴订购申请表（20份起送，特殊申请除外
A2: 本学期2月15日前订购一份赠送1本笔记本+1支花梨木圆珠笔
A3: 序号 | B3: 职工姓名 | C3: 联系电话 | D3: 订购种类（打√） | F3: 订购份数（100盒/210元） | H3: 备注
D4: 鲜奶（ ） 保质期7天 | E4: 乳酸（ ） 保质期15天 | F4: 市场原价 （3.5元/盒） | G4: 职工优惠价6折购 （2.1元/盒） | H4: 如果二个打√就各50支
A5: 1 | B5: 钟志光 | C5: 13553941727 | D5: ✔️ | F5: 350 | G5: 210 | I5: 已收款
A6: 2 | B6: 林志慧 | C6: 15992021769 | E6: ✔️ | F6: 350 | G6: 210 | I6: 已收款
A7: 3 | B7: 李启广 | C7: 15876334862 | D7: ✔️ | F7: 350 | G7: 210 | I7: 已收款
A8: 4 | B8: 巫奕财 | C8: 13553958518 | D8: ✔️ | F8: 350 | G8: 210 | H8: 已收款 | I8: 3.27已收款
A9: 5 | B9: 罗桂英 | C9: 13727160241 | E9: V | F9: 350 | G9: 210 | I9: 已收款
A10: 6 | B10: 罗桂英 | C10: 13727160241 | E10: V | I10: 已收款
A11: 7 | B11: 陈素妤 | C11: 13417283715 | E11: √ | F11: 350 | G11: 210 | I11: 已收款
A12: 8 | B12: 黄检娣 | D12: ✔️ | F12: 350 | G12: 210 | H12: 鲜奶150支 | I12: 已收款
A13: 9 | B13: 黄桂金 | C13: 18025033528 | E13: ✔️ | F13: 350 | G13: 210 | H13: 3/13新增 | I13: 已收款
A14: 10 | B14: 范桂乐 | C14: 15876321078 | E14: ✔️ | F14: 350 | G14: 210 | H14: 3/17新增 | I14: 已收款
A15: 10 | B15: 李瑞娟 | C15: 13416527664 | E15: ✔️ | F15: 350 | G15: 210 | H15: 3.22新增 | I15: 已收款
A16: 11 | F16: 350 | G16: 210
A17: 12 | F17: 350 | G17: 210
A18: 13 | F18: 350 | G18: 210
A19: 14 | F19: 350 | G19: 210
A20: 15 | F20: 350 | G20: 210
A21: 16 | F21: 350 | G21: 210
A22: 17 | F22: 350 | G22: 210
A23: 18 | F23: 350 | G23: 210
A24: 19 | F24: 350 | G24: 210
A25: 20 | F25: 350 | G25: 210
A26: 21 | F26: 350 | G26: 210
A27: 22 | F27: 350 | G27: 210
... A44: 45 | F44: 350 | G44: 210

Sheet 领奶表
A1: 英德市石牯塘镇中心小学教师鲜奶领奶表
A2: （ ）月份（填写领取数量/盒）
A3: 序号 | B3: 姓名 | C3: 1 | D3: 2 | E3: 3 | F3: 4 | G3: 5 | H3: 6 | I3: 7 | J3: 8 | K3: 9 | L3: 10 | M3: 11 | N3: 12 | O3: 13 | P3: 14 | Q3: 15 | R3: 16 | S3: 17 | T3: 18 | U3: 19 | V3: 20 | W3: 21 | X3: 22 | Y3: 23 | Z3: 24 | AA3: 25 | AB3: 26 | AC3: 27 | AD3: 28 | AE3: 29 | AF3: 30
A4: 1
A5: 2
A6: 3
A7: 13
A8: 14
A9: 15
A10: 16
A11: 17
A12: 18

Sheet 签收
A1: 石牯塘镇中心小学教师鲜奶赠品领取表
A2: 序号 | B2: 配送日期 | C2: 职工姓名 | D2: 礼品份数 （笔记本+笔） | E2: 签名 | F2: 备注
A3: 1 | B3: 46093 | C3: 钟志光 | D3: 1
A4: 2 | B4: 46093 | C4: 林志慧 | D4: 1
A5: 3 | B5: 46093 | C5: 李启广 | D5: 1
A6: 4 | B6: 46093 | C6: 巫奕财 | D6: 1
A7: 5 | B7: 46093 | C7: 罗桂英1 | D7: 1
A8: 6 | B8: 46093 | C8: 罗桂英2 | D8: 1
A9: 7 | B9: 46093 | C9: 陈素妤 | D9: 1
A10: 8 | B10: 46093 | C10: 黄检娣 | D10: 1
A11: 9 | B11: 46100 | C11: 黄桂金 | D11: 1 | F11: 3.19送
A12: 10 | B12: 46100 | C12: 范桂乐 | D12: 1 | F12: 3.19送

Sheet 配送汇总
A1: 英德市石牯塘镇中心小学教师鲜奶领奶表
A2: 序号 | B2: 姓名 | C2: 订购份数 | D2: 46090 | E2: 46093 | F2: 46097 | G2: 46100 | H2: 46104 | I2: 46107 | J2: 46111 | K2: 46114 | L2: 46119 | M2: 46121 | N2: 46125 | O2: 46128 | P2: 46132 | Q2: 46135 | R2: 46139 | S2: 46142 | W2: 已发 | X2: 总计
A3: 1 | B3: 钟志光 | C3: 100 | D3: 3 | E3: 4 | F3: 3 | G3: 4 | H3: 3 | I3: 4 | J3: 3 | K3: 4 | L3: 3 | M3: 4 | N3: 3 | O3: =SUMIF('4.16'!$C$3:C14,B3,'4.16'!$I$3:I15) -> 4 | P3: =SUMIF('4.20'!$C$3:D14,B3,'4.20'!$I$3:J15) -> 3 | Q3: =SUMIF('4.23'!$C$3:E14,B3,'4.23'!$I$3:K15) -> 4 | S3: =SUMIF('4.16'!$C$3:G14,F3,'4.16'!$I$3:M15) -> 0 | W3: =SUM(D3:V3) -> 49 | X3: =C3-W3 -> 51
A4: 2 | B4: 林志慧 | C4: 100 | D4: 3 | E4: 推迟到4月13日送酸奶，现在小孩咳嗽不能喝 | G4: 0 | H4: 0 | I4: 0 | J4: 0 | K4: 0 | L4: 0 | M4: 0 | N4: 3 | O4: =SUMIF('4.16'!$C$3:C15,B4,'4.16'!$I$3:I16) -> 4 | P4: =SUMIF('4.20'!$C$3:D15,B4,'4.20'!$I$3:J16) -> 3 | Q4: =SUMIF('4.23'!$C$3:E15,B4,'4.16'!$I$3:K16) -> 4 | W4: =SUM(D4:V4) -> 17 | X4: =C4-W4 -> 83
A5: 3 | B5: 李启广 | C5: 100 | D5: 3 | E5: 4 | F5: 3 | G5: 4 | H5: 3 | I5: 4 | J5: 3 | K5: 4 | L5: 3 | M5: 4 | N5: 3 | O5: =SUMIF('4.16'!$C$3:C16,B5,'4.16'!$I$3:I17) -> 4 | P5: =SUMIF('4.20'!$C$3:D16,B5,'4.20'!$I$3:J17) -> 3 | Q5: =SUMIF('4.23'!$C$3:E16,B5,'4.16'!$I$3:K17) -> 4 | W5: =SUM(D5:V5) -> 49 | X5: =C5-W5 -> 51
A6: 4 | B6: 巫奕财 | C6: 100 | D6: 3 | E6: 4 | F6: 3 | G6: 4 | H6: 3 | I6: 4 | J6: 3 | K6: 4 | L6: 3 | M6: 4 | N6: 3 | O6: =SUMIF('4.16'!$C$3:C17,B6,'4.16'!$I$3:I18) -> 4 | P6: =SUMIF('4.20'!$C$3:D17,B6,'4.20'!$I$3:J18) -> 3 | Q6: =SUMIF('4.23'!$C$3:E17,B6,'4.16'!$I$3:K18) -> 4 | W6: =SUM(D6:V6) -> 49 | X6: =C6-W6 -> 51
A7: 5 | B7: 罗桂英1 | C7: 100 | D7: 0 | E7: 7 | F7: 3 | G7: 4 | H7: 3 | I7: 4 | J7: 3 | K7: 4 | L7: 3 | M7: 4 | N7: 3 | O7: =SUMIF('4.16'!$C$3:C18,B7,'4.16'!$I$3:I19) -> 4 | P7: =SUMIF('4.20'!$C$3:D18,B7,'4.20'!$I$3:J19) -> 3 | Q7: =SUMIF('4.23'!$C$3:E18,B7,'4.16'!$I$3:K19) -> 4 | W7: =SUM(D7:V7) -> 49 | X7: =C7-W7 -> 51
A8: 6 | B8: 罗桂英2 | C8: 100 | D8: 0 | E8: 7 | F8: 3 | G8: 4 | H8: 3 | I8: 4 | J8: 3 | K8: 4 | L8: 3 | M8: 4 | N8: 3 | O8: =SUMIF('4.16'!$C$3:C19,B8,'4.16'!$I$3:I20) -> 4 | P8: =SUMIF('4.20'!$C$3:D19,B8,'4.20'!$I$3:J20) -> 3 | Q8: =SUMIF('4.23'!$C$3:E19,B8,'4.16'!$I$3:K20) -> 4 | W8: =SUM(D8:V8) -> 49 | X8: =C8-W8 -> 51
A9: 7 | B9: 陈素妤 | C9: 100 | D9: 0 | E9: 7 | F9: 3 | G9: 4 | H9: 3 | I9: 4 | J9: 3 | K9: 4 | L9: 3 | M9: 4 | N9: 3 | O9: =SUMIF('4.16'!$C$3:C20,B9,'4.16'!$I$3:I21) -> 4 | P9: =SUMIF('4.20'!$C$3:D20,B9,'4.20'!$I$3:J21) -> 3 | Q9: =SUMIF('4.23'!$C$3:E20,B9,'4.16'!$I$3:K21) -> 4 | W9: =SUM(D9:V9) -> 49 | X9: =C9-W9 -> 51
A10: 8 | B10: 黄检娣 | C10: 150 | D10: 0 | E10: 10 | F10: 0 | G10: 4 | H10: 6 | I10: 4 | J10: 6 | K10: 4 | L10: 6 | M10: 4 | N10: 6 | O10: =SUMIF('4.16'!$C$3:C21,B10,'4.16'!$I$3:I22) -> 4 | P10: =SUMIF('4.20'!$C$3:D21,B10,'4.20'!$I$3:J22) -> 6 | Q10: =SUMIF('4.23'!$C$3:E21,B10,'4.16'!$I$3:K22) -> 4 | W10: =SUM(D10:V10) -> 64 | X10: =C10-W10 -> 86
A11: 9 | B11: 钟秋容 | C11: 40 | D11: 0 | E11: 5 | F11: 3 | G11: 2 | H11: 3 | I11: 2 | J11: 3 | K11: 2 | L11: 3 | M11: 2 | N11: 3 | O11: =SUMIF('4.16'!$C$3:C22,B11,'4.16'!$I$3:I23) -> 2 | P11: =SUMIF('4.20'!$C$3:D22,B11,'4.20'!$I$3:J23) -> 3 | Q11: =SUMIF('4.23'!$C$3:E22,B11,'4.16'!$I$3:K23) -> 2 | W11: =SUM(D11:V11) -> 35 | X11: =C11-W11 -> 5
A12: 10 | B12: 黄桂金 | C12: 100 | D12: 0 | E12: 0 | F12: 6 | G12: 8 | H12: 3 | I12: 4 | J12: 3 | K12: 4 | L12: 3 | M12: 4 | N12: 3 | O12: =SUMIF('4.16'!$C$3:C23,B12,'4.16'!$I$3:I24) -> 4 | P12: =SUMIF('4.20'!$C$3:D23,B12,'4.20'!$I$3:J24) -> 3 | Q12: =SUMIF('4.23'!$C$3:E23,B12,'4.16'!$I$3:K24) -> 4 | W12: =SUM(D12:V12) -> 49 | X12: =C12-W12 -> 51
A13: 11 | B13: 范桂乐 | C13: 100 | D13: 0 | E13: 0 | F13: 0 | G13: 4 | H13: 0 | I13: 7 | J13: 3 | K13: 4 | L13: 3 | M13: 4 | N13: 3 | O13: =SUMIF('4.16'!$C$3:C24,B13,'4.16'!$I$3:I25) -> 4 | P13: =SUMIF('4.20'!$C$3:D24,B13,'4.20'!$I$3:J25) -> 3 | Q13: =SUMIF('4.23'!$C$3:E24,B13,'4.16'!$I$3:K25) -> 4 | W13: =SUM(D13:V13) -> 39 | X13: =C13-W13 -> 61
A14: 12 | B14: 李瑞娟 | C14: 100 | D14: 0 | E14: 0 | F14: 0 | G14: 0 | H14: 0 | I14: 4 | J14: 3 | K14: 4 | L14: 3 | M14: 4 | N14: 3 | O14: =SUMIF('4.16'!$C$3:C25,B14,'4.16'!$I$3:I26) -> 4 | P14: =SUMIF('4.20'!$C$3:D25,B14,'4.20'!$I$3:J26) -> 3 | Q14: =SUMIF('4.23'!$C$3:E25,B14,'4.16'!$I$3:K26) -> 4 | W14: =SUM(D14:V14) -> 32 | X14: =C14-W14 -> 68
A15: 13 | B15: 蒙冠呈 | C15: 100 | W15: =SUM(D15:V15) -> 0 | X15: =C15-W15 -> 100 | Y15: 4.20新增
A17: 14 | D17: =SUM(D3:D15) -> 12 | E17: =SUM(E3:E15) -> 48 | F17: =SUM(F3:F15) -> 27 | G17: =SUM(G3:G15) -> 42 | H17: =SUM(H3:H15) -> 30 | I17: =SUM(I3:I15) -> 45 | J17: =SUM(J3:J15) -> 36 | K17: =SUM(K3:K15) -> 42 | ... V17: =SUM(V3:V15) -> 0 | X17: =SUM(D17:W17) -> 530
A18: 15 | X18: =SUM(D18:W18) -> 0
A19: 16 | X19: =SUM(D19:W19) -> 0
A20: 17 | X20: =SUM(D20:W20) -> 0
A21: 18 | X21: =SUM(D21:W21) -> 0
A22: 19 | X22: =SUM(D22:W22) -> 0
A23: 20 | X23: =SUM(D23:W23) -> 0
A24: 21 | X24: =SUM(D24:W24) -> 0
A25: 22 | X25: =SUM(D25:W25) -> 0
A26: 23 | X26: =SUM(D26:W26) -> 0
A27: 24 | X27: =SUM(D27:W27) -> 0
A28: 25 | X28: =SUM(D28:W28) -> 0
A29: 26 | X29: =SUM(D29:W29) -> 0
... A33: 30 | X33: =SUM(D33:W33) -> 0

Sheet 3.9
A1: 石牯塘镇中心小学教师鲜奶领奶表
A2: 序号 | B2: 配送日期 | C2: 职工姓名 | D2: 配送天数 | E2: 鲜 | F2: 酸 | G2: 备注
A3: 1 | B3: 46090 | C3: 钟志光 | D3: 3天 | E3: 3
A4: 2 | B4: 46090 | C4: 林志慧 | D4: 3天 | F4: 3 | H4: 推迟到4月13日送
A5: 3 | B5: 46090 | C5: 李启广 | D5: 3天 | E5: 3 | H5: 要鲜、酸各半
A6: 4 | B6: 46090 | C6: 巫奕财 | D6: 3天 | E6: 3
C7: 黄检娣 | H7: 10号下单，周一6周四4
E11: =SUM(E3:E10) -> 9 | F11: =SUM(F3:F10) -> 3

Sheet 3.12
A1: 石牯塘镇中心小学教师鲜奶领奶表
A2: 序号 | B2: 配送日期 | C2: 职工姓名 | D2: 配送天数 | E2: 鲜 | F2: 酸 | G2: 备注
A3: 1 | B3: 46093 | C3: 钟志光 | D3: 4天 | E3: 4
A4: 2 | B4: 46093 | C4: 林志慧 | D4: 4天 | G4: 推迟到4月13日送
A5: 3 | B5: 46093 | C5: 李启广 | D5: 4天 | E5: 4
A6: 4 | B6: 46093 | C6: 巫奕财 | D6: 4天 | E6: 4
A7: 5 | B7: 46093 | C7: 罗桂英1 | D7: 4天 | F7: 4
A8: 5 | B8: 46093 | C8: 罗桂英2 | D8: 4天 | F8: 4
A9: 6 | B9: 46093 | C9: 陈素妤 | D9: 4天 | F9: 4
A10: 7 | B10: 46093 | C10: 罗桂英1 | D10: 3天 | F10: 3 | G10: 补发
A11: 8 | B11: 46093 | C11: 罗桂英2 | D11: 3天 | F11: 3 | G11: 补发
A12: 9 | B12: 46093 | C12: 陈素妤 | D12: 3天 | F12: 3 | G12: 补发
A13: 10 | B13: 46093 | C13: 黄检娣 | D13: 4天 | E13: 4 | G13: 周一6支，周四4支
A14: 11 | B14: 46093 | C14: 黄检娣 | D14: 6天 | E14: 6 | G14: 补发
A15: 12 | B15: 46093 | C15: 钟秋容 | D15: 2天 | F15: 2
A16: 13 | B16: 46093 | C16: 钟秋容 | D16: 3天 | F16: 3 | G16: 补发
E18: =SUM(E3:E17) -> 22 | F18: =SUM(F3:F17) -> 26

Sheet 3.16
A1: 石牯塘镇中心小学教师鲜奶领奶表
A2: 序号 | B2: 配送日期 | C2: 职工姓名 | D2: 配送天数 | E2: 鲜 | F2: 酸 | G2: 备注
A3: 1 | B3: 46097 | C3: 钟志光 | D3: 3天 | E3: 3
A4: 2 | B4: 46097 | C4: 林志慧 | D4: 3天 | G4: 推迟到4月13日送
A5: 3 | B5: 46097 | C5: 李启广 | D5: 3天 | E5: 3
A6: 4 | B6: 46097 | C6: 巫奕财 | D6: 3天 | E6: 3
A7: 5 | B7: 46097 | C7: 罗桂英1 | D7: 3天 | F7: 3
A8: 6 | B8: 46097 | C8: 罗桂英2 | D8: 3天 | F8: 3
A9: 7 | B9: 46097 | C9: 陈素妤 | D9: 3天 | F9: 3
A10: 8 | B10: 46097 | C10: 黄检娣 | D10: 3天 | G10: 周一6支，周四4支，3.16暂不配送，3.19再送
A11: 9 | B11: 46097 | C11: 钟秋容 | D11: 3天 | F11: 3 | G11: 每周一送3支，周四送2支
A12: 10 | B12: 46097 | C12: 黄桂金 | D12: 3天 | F12: 3
A13: 11 | B13: 46097 | C13: 黄桂金 | D13: 3天 | F13: 3 | G13: 补发
E15: =SUM(E3:E14) -> 9 | F15: =SUM(F3:F14) -> 18

Sheet 3.19
A1: 石牯塘镇中心小学教师鲜奶领奶表
A2: 序号 | B2: 配送日期 | C2: 职工姓名 | D2: 配送天数 | E2: 鲜 | F2: 酸 | G2: 备注
A3: 1 | B3: 46100 | C3: 钟志光 | D3: 4天 | E3: 4
A4: 2 | B4: 46100 | C4: 林志慧 | D4: 4天 | G4: 推迟到4月13日送
A5: 3 | B5: 46100 | C5: 李启广 | D5: 4天 | E5: 2 | F5: 2 | G5: 一半酸一半鲜
A6: 4 | B6: 46100 | C6: 巫奕财 | D6: 4天 | E6: 4
A7: 5 | B7: 46100 | C7: 罗桂英1 | D7: 4天 | F7: 4
A8: 6 | B8: 46100 | C8: 罗桂英2 | D8: 4天 | F8: 4
A9: 7 | B9: 46100 | C9: 陈素妤 | D9: 4天 | F9: 4
A10: 8 | B10: 46100 | C10: 黄检娣 | D10: 4天 | F10: 4 | G10: 周一6支，周四4支，3.16暂不配送，3.19再送
A11: 9 | B11: 46100 | C11: 钟秋容 | D11: 2天 | F11: 2 | G11: 每周一送3支，周四送2支
A12: 10 | B12: 46100 | C12: 黄桂金 | D12: 4天 | F12: 4
A13: 11 | B13: 46100 | C13: 范桂乐 | D13: 4天 | F13: 4
A14: 12 | B14: 46100 | C14: 黄桂金 | D14: 4天 | F14: 4 | G14: 补发
E16: =SUM(E3:E15) -> 10 | F16: =SUM(F3:F15) -> 32

Sheet 3.23(星期一)
A1: 石牯塘镇中心小学教师鲜奶领奶表
A2: 序号 | B2: 配送日期 | C2: 职工姓名 | D2: 配送天数 | E2: 鲜 | F2: 酸 | G2: 备注
A3: 1 | B3: 46104 | C3: 钟志光 | D3: 3天 | E3: 3
A4: 2 | B4: 46104 | C4: 林志慧 | D4: 3天 | F4: 0 | G4: 推迟到4月13日送
A5: 3 | B5: 46104 | C5: 李启广 | D5: 3天 | E5: 3
A6: 4 | B6: 46104 | C6: 巫奕财 | D6: 3天 | E6: 3
A7: 5 | B7: 46104 | C7: 罗桂英1 | D7: 3天 | F7: 3
A8: 6 | B8: 46104 | C8: 罗桂英2 | D8: 3天 | F8: 3
A9: 7 | B9: 46104 | C9: 陈素妤 | D9: 3天 | F9: 3
A10: 8 | B10: 46104 | C10: 黄检娣 | D10: 6天 | E10: 6 | G10: 只要鲜奶周一6支，周四4支
A11: 9 | B11: 46104 | C11: 钟秋容 | D11: 3天 | F11: 3 | G11: 每周一送3支，周四送2支
A12: 10 | B12: 46104 | C12: 黄桂金 | D12: 3天 | F12: 3
E15: =SUM(E3:E14) -> 15 | F15: =SUM(F3:F14) -> 15
C18: 李瑞娟3.22订一份酸奶，加在3.26配送

Sheet 3.26（四）
A1: 石牯塘镇中心小学教师鲜奶领奶表
A2: 序号 | B2: 配送日期 | C2: 职工姓名 | D2: 配送天数 | E2: 鲜 | F2: 酸 | G2: 备注
A3: 1 | B3: 46107 | C3: 钟志光 | D3: 4天 | E3: 4
A4: 2 | B4: 46107 | C4: 林志慧 | D4: 4天 | F4: 0 | G4: 推迟到4月13日送
A5: 3 | B5: 46107 | C5: 李启广 | D5: 4天 | E5: 2 | F5: 2 | G5: 一半酸一半鲜
A6: 4 | B6: 46107 | C6: 巫奕财 | D6: 4天 | E6: 4
A7: 5 | B7: 46107 | C7: 罗桂英1 | D7: 4天 | F7: 4
A8: 6 | B8: 46107 | C8: 罗桂英2 | D8: 4天 | F8: 4
A9: 7 | B9: 46107 | C9: 陈素妤 | D9: 4天 | F9: 4
A10: 8 | B10: 46107 | C10: 黄检娣 | D10: 4天 | E10: 4 | G10: 只要鲜奶周一6支，周四4支
A11: 9 | B11: 46107 | C11: 钟秋容 | D11: 4天 | F11: 2 | G11: 每周一送3支，周四送2支
A12: 10 | B12: 46107 | C12: 黄桂金 | D12: 4天 | F12: 4
A13: 11 | B13: 46107 | C13: 范桂乐 | D13: 4天 | F13: 4
A14: 12 | B14: 46107 | C14: 李瑞娟 | D14: 4天 | F14: 4
A15: 13 | B15: 46107 | C15: 范桂乐 | D15: 3天 | F15: 3 | G15: 补发
E17: =SUM(E3:E16) -> 14 | F17: =SUM(F3:F16) -> 31

Sheet 3.30（一）
A1: 石牯塘镇中心小学教师鲜奶领奶表
A2: 序号 | B2: 配送日期 | C2: 职工姓名 | D2: 配送天数 | E2: 鲜 | F2: 酸 | G2: 备注
A3: 1 | B3: 46111 | C3: 钟志光 | D3: 3天 | E3: 3 | I3: =SUM(E3:F3) -> 3
A4: 2 | B4: 46111 | C4: 林志慧 | D4: 3天 | F4: 0 | G4: 推迟到4月13日送 | I4: =SUM(E4:F4) -> 0
A5: 3 | B5: 46111 | C5: 李启广 | D5: 3天 | E5: 2 | F5: 1 | G5: 一半酸一半鲜 | I5: =SUM(E5:F5) -> 3
A6: 4 | B6: 46111 | C6: 巫奕财 | D6: 3天 | E6: 3 | I6: =SUM(E6:F6) -> 3
A7: 5 | B7: 46111 | C7: 罗桂英1 | D7: 3天 | F7: 3 | I7: =SUM(E7:F7) -> 3
A8: 6 | B8: 46111 | C8: 罗桂英2 | D8: 3天 | F8: 3 | I8: =SUM(E8:F8) -> 3
A9: 7 | B9: 46111 | C9: 陈素妤 | D9: 3天 | F9: 3 | I9: =SUM(E9:F9) -> 3
A10: 8 | B10: 46111 | C10: 黄检娣 | D10: 3天 | E10: 6 | G10: 只要鲜奶周一6支，周四4支 | I10: =SUM(E10:F10) -> 6
A11: 9 | B11: 46111 | C11: 钟秋容 | D11: 3天 | F11: 3 | G11: 每周一送3支，周四送2支 | I11: =SUM(E11:F11) -> 3
A12: 10 | B12: 46111 | C12: 黄桂金 | D12: 3天 | F12: 3 | I12: =SUM(E12:F12) -> 3
A13: 11 | B13: 46111 | C13: 范桂乐 | D13: 3天 | F13: 3 | I13: =SUM(E13:F13) -> 3
A14: 12 | B14: 46111 | C14: 李瑞娟 | D14: 3天 | F14: 3 | I14: =SUM(E14:F14) -> 3
E16: =SUM(E3:E15) -> 14 | F16: =SUM(F3:F15) -> 22

Sheet 4.2
A1: 石牯塘镇中心小学教师鲜奶领奶表
A2: 序号 | B2: 配送日期 | C2: 职工姓名 | D2: 配送天数 | E2: 鲜 | F2: 酸 | G2: 备注
A3: 1 | B3: 46114 | C3: 钟志光 | D3: 4天 | E3: 4 | I3: =SUM(E3:F3) -> 4
A4: 2 | B4: 46114 | C4: 林志慧 | D4: 4天 | F4: 0 | G4: 推迟到4月13日送 | I4: =SUM(E4:F4) -> 0
A5: 3 | B5: 46114 | C5: 李启广 | D5: 4天 | E5: 2 | F5: 2 | G5: 一半酸一半鲜 | I5: =SUM(E5:F5) -> 4
A6: 4 | B6: 46114 | C6: 巫奕财 | D6: 4天 | E6: 4 | I6: =SUM(E6:F6) -> 4
A7: 5 | B7: 46114 | C7: 罗桂英1 | D7: 4天 | F7: 4 | I7: =SUM(E7:F7) -> 4
A8: 6 | B8: 46114 | C8: 罗桂英2 | D8: 4天 | F8: 4 | I8: =SUM(E8:F8) -> 4
A9: 7 | B9: 46114 | C9: 陈素妤 | D9: 4天 | F9: 4 | I9: =SUM(E9:F9) -> 4
A10: 8 | B10: 46114 | C10: 黄检娣 | D10: 4天 | E10: 4 | G10: 只要鲜奶周一6支，周四4支 | I10: =SUM(E10:F10) -> 4
A11: 9 | B11: 46114 | C11: 钟秋容 | D11: 4天 | F11: 2 | G11: 每周一送3支，周四送2支 | I11: =SUM(E11:F11) -> 2
A12: 10 | B12: 46114 | C12: 黄桂金 | D12: 4天 | F12: 4 | I12: =SUM(E12:F12) -> 4
A13: 11 | B13: 46114 | C13: 范桂乐 | D13: 4天 | F13: 4 | I13: =SUM(E13:F13) -> 4
A14: 12 | B14: 46114 | C14: 李瑞娟 | D14: 4天 | F14: 4 | I14: =SUM(E14:F14) -> 4
E16: =SUM(E3:E15) -> 14 | F16: =SUM(F3:F15) -> 28

Sheet 4.7
A1: 石牯塘镇中心小学教师鲜奶领奶表
A2: 序号 | B2: 配送日期 | C2: 职工姓名 | D2: 配送天数 | E2: 鲜 | F2: 酸 | G2: 备注
A3: 1 | B3: 46119 | C3: 钟志光 | D3: 3天 | E3: 3 | H3: =SUM(E3:F3) -> 3
A4: 2 | B4: 46119 | C4: 林志慧 | D4: 3天 | F4: 0 | G4: 推迟到4月13日送 | H4: =SUM(E4:F4) -> 0
A5: 3 | B5: 46119 | C5: 李启广 | D5: 3天 | E5: 2 | F5: 1 | G5: 一半酸一半鲜 | H5: =SUM(E5:F5) -> 3
A6: 4 | B6: 46119 | C6: 巫奕财 | D6: 3天 | E6: 3 | H6: =SUM(E6:F6) -> 3
A7: 5 | B7: 46119 | C7: 罗桂英1 | D7: 3天 | F7: 3 | H7: =SUM(E7:F7) -> 3
A8: 6 | B8: 46119 | C8: 罗桂英2 | D8: 3天 | F8: 3 | H8: =SUM(E8:F8) -> 3
A9: 7 | B9: 46119 | C9: 陈素妤 | D9: 3天 | F9: 3 | H9: =SUM(E9:F9) -> 3
A10: 8 | B10: 46119 | C10: 黄检娣 | D10: 3天 | E10: 6 | G10: 只要鲜奶，周一6支，周四4支 | H10: =SUM(E10:F10) -> 6
A11: 9 | B11: 46119 | C11: 钟秋容 | D11: 3天 | F11: 3 | G11: 每周一送3支，周四送2支 | H11: =SUM(E11:F11) -> 3
A12: 10 | B12: 46119 | C12: 黄桂金 | D12: 3天 | F12: 3 | H12: =SUM(E12:F12) -> 3
A13: 11 | B13: 46119 | C13: 范桂乐 | D13: 3天 | F13: 3 | H13: =SUM(E13:F13) -> 3
A14: 12 | B14: 46119 | C14: 李瑞娟 | D14: 3天 | F14: 3 | H14: =SUM(E14:F14) -> 3
E16: =SUM(E3:E15) -> 14 | F16: =SUM(F3:F15) -> 22 | H16: =SUM(H3:H15) -> 36

Sheet 4.9
A1: 石牯塘镇中心小学教师鲜奶领奶表
A2: 序号 | B2: 配送日期 | C2: 职工姓名 | D2: 配送天数 | E2: 鲜 | F2: 酸 | G2: 备注
A3: 1 | B3: 46121 | C3: 钟志光 | D3: 4天 | E3: 4
A4: 2 | B4: 46121 | C4: 林志慧 | D4: 4天 | F4: 0 | G4: 推迟到4月13日送
A5: 3 | B5: 46121 | C5: 李启广 | D5: 4天 | E5: 2 | F5: 2 | G5: 一半酸一半鲜
A6: 4 | B6: 46121 | C6: 巫奕财 | D6: 4天 | E6: 4
A7: 5 | B7: 46121 | C7: 罗桂英1 | D7: 4天 | F7: 4
A8: 6 | B8: 46121 | C8: 罗桂英2 | D8: 4天 | F8: 4
A9: 7 | B9: 46121 | C9: 陈素妤 | D9: 4天 | F9: 4
A10: 8 | B10: 46121 | C10: 黄检娣 | D10: 4天 | E10: 4 | G10: 只要鲜奶周一6支，周四4支
A11: 9 | B11: 46121 | C11: 钟秋容 | D11: 4天 | F11: 2 | G11: 每周一送3支，周四送2支
A12: 10 | B12: 46121 | C12: 黄桂金 | D12: 4天 | F12: 4
A13: 11 | B13: 46121 | C13: 范桂乐 | D13: 4天 | F13: 4
A14: 12 | B14: 46121 | C14: 李瑞娟 | D14: 4天 | F14: 4
E16: =SUM(E3:E15) -> 14 | F16: =SUM(F3:F15) -> 28

Sheet 4.13
A1: 石牯塘镇中心小学教师鲜奶领奶表
A2: 序号 | B2: 配送日期 | C2: 职工姓名 | D2: 配送天数 | E2: 鲜 | F2: 酸 | G2: 备注
A3: 1 | B3: 46125 | C3: 钟志光 | D3: 3天 | E3: 3
A4: 2 | B4: 46125 | C4: 林志慧 | D4: 3天 | F4: 3 | G4: 推迟到4月13日送
A5: 3 | B5: 46125 | C5: 李启广 | D5: 3天 | E5: 2 | F5: 1 | G5: 一半酸一半鲜
A6: 4 | B6: 46125 | C6: 巫奕财 | D6: 3天 | E6: 3
A7: 5 | B7: 46125 | C7: 罗桂英1 | D7: 3天 | F7: 3
A8: 6 | B8: 46125 | C8: 罗桂英2 | D8: 3天 | F8: 3
A9: 7 | B9: 46125 | C9: 陈素妤 | D9: 3天 | F9: 3
A10: 8 | B10: 46125 | C10: 黄检娣 | D10: 3天 | E10: 6 | G10: 只要鲜奶，周一6支，周四4支
A11: 9 | B11: 46125 | C11: 钟秋容 | D11: 3天 | F11: 3 | G11: 每周一送3支，周四送2支
A12: 10 | B12: 46125 | C12: 黄桂金 | D12: 3天 | F12: 3
A13: 11 | B13: 46125 | C13: 范桂乐 | D13: 3天 | F13: 3
A14: 12 | B14: 46125 | C14: 李瑞娟 | D14: 3天 | F14: 3 | H14: 李瑞娟礼品
E16: =SUM(E3:E15) -> 14 | F16: =SUM(F3:F15) -> 25

Sheet 4.16
A1: 石牯塘镇中心小学教师鲜奶领奶表
A2: 序号 | B2: 配送日期 | C2: 职工姓名 | D2: 配送天数 | E2: 鲜 | F2: 酸 | G2: 备注
A3: 1 | B3: 46128 | C3: 钟志光 | D3: 4天 | E3: 4 | I3: =E3+F3 -> 4
A4: 2 | B4: 46128 | C4: 林志慧 | D4: 4天 | F4: 4 | I4: =E4+F4 -> 4
A5: 3 | B5: 46128 | C5: 李启广 | D5: 4天 | E5: 2 | F5: 2 | G5: 一半酸一半鲜 | I5: =E5+F5 -> 4
A6: 4 | B6: 46128 | C6: 巫奕财 | D6: 4天 | E6: 4 | I6: =E6+F6 -> 4
A7: 5 | B7: 46128 | C7: 罗桂英1 | D7: 4天 | F7: 4 | I7: =E7+F7 -> 4
A8: 6 | B8: 46128 | C8: 罗桂英2 | D8: 4天 | F8: 4 | I8: =E8+F8 -> 4
A9: 7 | B9: 46128 | C9: 陈素妤 | D9: 4天 | F9: 4 | I9: =E9+F9 -> 4
A10: 8 | B10: 46128 | C10: 黄检娣 | D10: 4天 | E10: 4 | G10: 只要鲜奶周一6支，周四4支 | I10: =E10+F10 -> 4
A11: 9 | B11: 46128 | C11: 钟秋容 | D11: 4天 | F11: 2 | G11: 每周一送3支，周四送2支 | I11: =E11+F11 -> 2
A12: 10 | B12: 46128 | C12: 黄桂金 | D12: 4天 | F12: 4 | I12: =E12+F12 -> 4
A13: 11 | B13: 46128 | C13: 范桂乐 | D13: 4天 | F13: 4 | I13: =E13+F13 -> 4
A14: 12 | B14: 46128 | C14: 李瑞娟 | D14: 4天 | F14: 4 | I14: =E14+F14 -> 4
I15: =E15+F15 -> 0
E16: =SUM(E3:E15) -> 14 | F16: =SUM(F3:F15) -> 32 | I16: =E16+F16 -> 46

Sheet 4.20
A1: 石牯塘镇中心小学教师鲜奶领奶表
A2: 序号 | B2: 配送日期 | C2: 职工姓名 | D2: 配送天数 | E2: 鲜 | F2: 酸 | G2: 备注
A3: 1 | B3: 46132 | C3: 钟志光 | D3: 3天 | E3: 3 | I3: =E3+F3 -> 3
A4: 2 | B4: 46132 | C4: 林志慧 | D4: 3天 | F4: 3 | I4: =E4+F4 -> 3
A5: 3 | B5: 46132 | C5: 李启广 | D5: 3天 | E5: 2 | F5: 1 | G5: 一半酸一半鲜 | I5: =E5+F5 -> 3
A6: 4 | B6: 46132 | C6: 巫奕财 | D6: 3天 | E6: 3 | I6: =E6+F6 -> 3
A7: 5 | B7: 46132 | C7: 罗桂英1 | D7: 3天 | F7: 3 | I7: =E7+F7 -> 3
A8: 6 | B8: 46132 | C8: 罗桂英2 | D8: 3天 | F8: 3 | I8: =E8+F8 -> 3
A9: 7 | B9: 46132 | C9: 陈素妤 | D9: 3天 | F9: 3 | I9: =E9+F9 -> 3
A10: 8 | B10: 46132 | C10: 黄检娣 | D10: 3天 | E10: 6 | G10: 只要鲜奶，周一6支，周四4支 | I10: =E10+F10 -> 6
A11: 9 | B11: 46132 | C11: 钟秋容 | D11: 3天 | F11: 3 | G11: 每周一送3支，周四送2支 | I11: =E11+F11 -> 3
A12: 10 | B12: 46132 | C12: 黄桂金 | D12: 3天 | F12: 3 | I12: =E12+F12 -> 3
A13: 11 | B13: 46132 | C13: 范桂乐 | D13: 3天 | F13: 3 | I13: =E13+F13 -> 3
A14: 12 | B14: 46132 | C14: 李瑞娟 | D14: 3天 | F14: 3 | I14: =E14+F14 -> 3
I15: =E15+F15 -> 0
E16: =SUM(E3:E15) -> 14 | F16: =SUM(F3:F15) -> 25 | I16: =E16+F16 -> 39

Sheet 4.23
A1: 石牯塘镇中心小学教师鲜奶领奶表
A2: 序号 | B2: 配送日期 | C2: 职工姓名 | D2: 配送天数 | E2: 鲜 | F2: 酸 | G2: 备注
A3: 1 | B3: 46135 | C3: 钟志光 | D3: 4天 | E3: 4 | I3: =E3+F3 -> 4
A4: 2 | B4: 46135 | C4: 林志慧 | D4: 4天 | F4: 4 | I4: =E4+F4 -> 4
A5: 3 | B5: 46135 | C5: 李启广 | D5: 4天 | E5: 2 | F5: 2 | G5: 一半酸一半鲜 | I5: =E5+F5 -> 4
A6: 4 | B6: 46135 | C6: 巫奕财 | D6: 4天 | E6: 4 | I6: =E6+F6 -> 4
A7: 5 | B7: 46135 | C7: 罗桂英1 | D7: 4天 | F7: 4 | I7: =E7+F7 -> 4
A8: 6 | B8: 46135 | C8: 罗桂英2 | D8: 4天 | F8: 4 | I8: =E8+F8 -> 4
A9: 7 | B9: 46135 | C9: 陈素妤 | D9: 4天 | F9: 4 | I9: =E9+F9 -> 4
A10: 8 | B10: 46135 | C10: 黄检娣 | D10: 4天 | E10: 4 | G10: 只要鲜奶周一6支，周四4支 | I10: =E10+F10 -> 4
A11: 9 | B11: 46135 | C11: 钟秋容 | D11: 4天 | F11: 2 | G11: 每周一送3支，周四送2支 | I11: =E11+F11 -> 2
A12: 10 | B12: 46135 | C12: 黄桂金 | D12: 4天 | F12: 4 | I12: =E12+F12 -> 4
A13: 11 | B13: 46135 | C13: 范桂乐 | D13: 4天 | F13: 4 | I13: =E13+F13 -> 4
A14: 12 | B14: 46135 | C14: 李瑞娟 | D14: 4天 | F14: 4 | I14: =E14+F14 -> 4
A15: 13 | B15: 46135 | C15: 蒙冠呈 | D15: 4天 | E15: 8 | G15: 4.20 新增，每次发2份 | I15: =E15+F15 -> 8
E16: =SUM(E3:E15) -> 22 | F16: =SUM(F3:F15) -> 32 | I16: =E16+F16 -> 54
