Workbook

Sheet 老师
A1: 2026春季石灰铺中心幼儿园教职工巴氏鲜奶补贴订购申请表（20份起送，特殊申请除外
A2: 本学期3月15日前订购一份赠送1本笔记本+1支花梨木圆珠笔
A3: 序号 | B3: 职工姓名 | C3: 联系电话 | D3: 订购种类（打√） | F3: 订购份数（100盒/210元） | H3: 备注
D4: 鲜奶（ ） 保质期7天 | E4: 乳酸（ ） 保质期15天 | F4: 市场原价 （3.5元/盒） | G4: 职工优惠价6折购 （2.1元/盒） | H4: 如果二个打√就各50支
A5: 1 | B5: 刘秋菊 | C5: 13413566214 | D5: √ | F5: 350 | G5: 210 | H5: 已微信转款
A6: 2 | B6: 梁光亮 | C6: 18125989808 | E6: √ | F6: 350 | G6: 210 | H6: 已微信转款
A7: 3 | B7: 蓝蝶 | C7: 15218512963 | D7: √ | E7: √ | F7: 350 | G7: 210 | H7: 已微信转款
A8: 4 | B8: 刘翠萍 | C8: 13318629090 | D8: √ | F8: 350 | G8: 210 | H8: 已微信转款
A9: 5 | B9: 管春怡 | C9: 18127239681 | D9: √ | F9: 350 | G9: 210 | H9: 已微信转款
A10: 6 | B10: 吴三娣 | C10: 15816212409 | D10: √ | F10: 350 | G10: 210 | H10: 已微信转款
A11: 7 | B11: 李兰芳 | C11: 13435267932 | E11: √ | F11: 350 | G11: 210 | H11: 已微信转款
A12: 8 | B12: 赖秋红 | C12: 15917618823 | E12: ✓ | F12: 350 | G12: 210 | H12: 已微信转款
A13: 9 | F13: 350 | G13: 210
A14: 10 | F14: 350 | G14: 210
A15: 11 | F15: 350 | G15: 210
A16: 12 | F16: 350 | G16: 210
A17: 13 | F17: 350 | G17: 210
A18: 14 | F18: 350 | G18: 210
A19: 15 | F19: 350 | G19: 210
A20: 16 | F20: 350 | G20: 210
A21: 17 | F21: 350 | G21: 210
A22: 18 | F22: 350 | G22: 210
A23: 19 | F23: 350 | G23: 210
A24: 20 | F24: 350 | G24: 210
... A43: 45 | F43: 350 | G43: 210

Sheet 学生
A1: 线上订单汇总表
A2: 导出时间2026-03-06
A3: 序号 | B3: 订单号 | C3: 学生姓名 | D3: 区 | 校 | 年 | 班 | E3: 家长手机号 | F3: 套餐名称 | G3: 订单金额 | H3: 支付时间 | I3: 收款账户 | J3: 家长备注 | K3: 商户备注
A4: 1 | B4: 1.5302026e+22 | C4: 张宥伦 | D4: 英德市 | 石灰铺中心幼儿园 | 中班 | 中二班 | E4: 18826616631 | F4: 2026年春季幼儿园巴氏低温鲜奶套餐（100盒） | G4: 350 | H4: 46087.27 | I4: 0006010F8463511 | 张荣强 | J4: 鲜奶酸奶各一半 | K4: 已退款
A5: 2 | B5: 1.5302026e+22 | C5: 黄位祺 | D5: 英德市 | 石灰铺中心幼儿园 | 中班 | 中二班 | E5: 13726993915 | F5: 2026年春季幼儿园巴氏低温鲜奶套餐（100盒） | G5: 350 | H5: 46086.905 | I5: 0006010F8463511 | 张荣强 | J5: 鲜奶和酸奶各一半

Sheet 领奶表
A1: 英德市石灰铺中心幼儿园教师鲜奶领奶表
A2: （ ）月份（填写领取数量/盒）
A3: 序号 | B3: 姓名 | C3: 1 | D3: 2 | E3: 3 | F3: 4 | G3: 5 | H3: 6 | I3: 7 | J3: 8 | K3: 9 | L3: 10 | M3: 11 | N3: 12 | O3: 13 | P3: 14 | Q3: 15 | R3: 16 | S3: 17 | T3: 18 | U3: 19 | V3: 20 | W3: 21 | X3: 22 | Y3: 23 | Z3: 24 | AA3: 25 | AB3: 26 | AC3: 27 | AD3: 28 | AE3: 29 | AF3: 30
A4: 1
A5: 2
A6: 3
A7: 13
A8: 14
A9: 15
A10: 16
A11: 17
A12: 18

Sheet 签收
A1: 石灰铺中心幼儿园教师鲜奶赠品领取表
A2: 序号 | B2: 配送日期 | C2: 职工姓名 | D2: 礼品份数 （笔记本+笔） | E2: 签名 | F2: 备注
A3: 1 | B3: 46093 | C3: 刘秋菊 | D3: 1
A4: 2 | B4: 46093 | C4: 梁光亮 | D4: 1
A5: 3 | B5: 46093 | C5: 蓝蝶 | D5: 1
A6: 4 | B6: 46093 | C6: 刘翠萍 | D6: 1
A7: 5 | B7: 46093 | C7: 管春怡 | D7: 1
A8: 6 | B8: 46093 | C8: 吴三娣 | D8: 1
A9: 7 | B9: 46093 | C9: 李兰芳 | D9: 1
A10: 8 | B10: 46093 | C10: 赖秋红 | D10: 1
D11: =SUM(D3:D10) -> 8

Sheet 配送汇总
A1: 英德市石灰铺中心幼儿园教师鲜奶领奶表
A2: 序号 | B2: 姓名 | C2: 订购份数 | D2: 46090 | E2: 46093 | F2: 46097 | G2: 46100 | H2: 46104 | I2: 46107 | J2: 46111 | K2: 46114 | L2: 46119 | M2: 46121 | N2: 46125 | O2: 46128 | P2: 46132 | Q2: 46135 | R2: 46139 | S2: 46142 | V2: 总计 | W2: 剩余
A3: 1 | B3: 刘秋菊 | C3: 100 | D3: 3 | E3: 4 | F3: 3 | G3: 4 | H3: 3 | I3: 4 | J3: 3 | K3: 4 | L3: 3 | M3: 4 | N3: 3 | O3: =SUMIF('4.16'!$C$3:C10,B3,'4.16'!$H$3:H12) -> 4 | P3: =SUMIF('4.20'!$C$3:C10,B3,'4.20'!$H$3:H12) -> 3 | Q3: =SUMIF('4.23'!$C$3:D10,B3,'4.23'!$H$3:I12) -> 4 | R3: =SUMIF('4.27'!$C$3:E10,B3,'4.27'!$H$3:J12) -> 3 | S3: =SUMIF('4.30'!$C$3:F10,B3,'4.30'!$H$3:K12) -> 4 | V3: =SUM(D3:U3) -> 56 | W3: =100-V3 -> 44
A4: 2 | B4: 梁光亮 | C4: 100 | D4: 3 | E4: 4 | F4: 3 | G4: 4 | H4: 3 | I4: 4 | J4: 3 | K4: 4 | L4: 3 | M4: 4 | N4: 3 | O4: =SUMIF('4.16'!C4:C11,B4,'4.16'!H4:H13) -> 4 | P4: =SUMIF('4.20'!$C$3:C11,B4,'4.20'!$H$3:H13) -> 3 | Q4: =SUMIF('4.23'!$C$3:D11,B4,'4.23'!$H$3:I13) -> 4 | R4: =SUMIF('4.27'!$C$3:E11,B4,'4.27'!$H$3:J13) -> 3 | S4: =SUMIF('4.30'!$C$3:F11,B4,'4.30'!$H$3:K13) -> 4 | V4: =SUM(D4:U4) -> 56 | W4: =130-V4 -> 74 | X4: 续订已收款
A5: 3 | B5: 蓝蝶 | C5: 100 | D5: 3 | E5: 4 | F5: 3 | G5: 4 | H5: 3 | I5: 4 | J5: 3 | K5: 4 | L5: 3 | M5: 4 | N5: 3 | O5: =SUMIF('4.16'!C5:C12,B5,'4.16'!H5:H14) -> 4 | P5: =SUMIF('4.20'!$C$3:C12,B5,'4.20'!$H$3:H14) -> 3 | Q5: =SUMIF('4.23'!$C$3:D12,B5,'4.23'!$H$3:I14) -> 4 | R5: =SUMIF('4.27'!$C$3:E12,B5,'4.27'!$H$3:J14) -> 3 | S5: =SUMIF('4.30'!$C$3:F12,B5,'4.30'!$H$3:K14) -> 4 | V5: =SUM(D5:U5) -> 56 | W5: =130-V5 -> 74 | X5: 续订已收款
A6: 4 | B6: 刘翠萍 | C6: 100 | D6: 3 | E6: 4 | F6: 3 | G6: 4 | H6: 3 | I6: 4 | J6: 3 | K6: 4 | L6: 3 | M6: 4 | N6: 3 | O6: =SUMIF('4.16'!C6:C13,B6,'4.16'!H6:H15) -> 4 | P6: =SUMIF('4.20'!$C$3:C13,B6,'4.20'!$H$3:H15) -> 3 | Q6: =SUMIF('4.23'!$C$3:D13,B6,'4.23'!$H$3:I15) -> 4 | R6: =SUMIF('4.27'!$C$3:E13,B6,'4.27'!$H$3:J15) -> 3 | S6: =SUMIF('4.30'!$C$3:F13,B6,'4.30'!$H$3:K15) -> 4 | V6: =SUM(D6:U6) -> 56 | W6: =100-V6 -> 44
A7: 5 | B7: 管春怡 | C7: 100 | D7: 3 | E7: 4 | F7: 3 | G7: 4 | H7: 3 | I7: 4 | J7: 3 | K7: 4 | L7: 3 | M7: 4 | N7: 3 | O7: =SUMIF('4.16'!C7:C14,B7,'4.16'!H7:H16) -> 4 | P7: =SUMIF('4.20'!$C$3:C14,B7,'4.20'!$H$3:H16) -> 3 | Q7: =SUMIF('4.23'!$C$3:D14,B7,'4.23'!$H$3:I16) -> 4 | R7: =SUMIF('4.27'!$C$3:E14,B7,'4.27'!$H$3:J16) -> 3 | S7: =SUMIF('4.30'!$C$3:F14,B7,'4.30'!$H$3:K16) -> 4 | V7: =SUM(D7:U7) -> 56 | W7: =100-V7 -> 44
A8: 6 | B8: 吴三娣 | C8: 100 | D8: 3 | E8: 4 | F8: 3 | G8: 4 | H8: 3 | I8: 4 | J8: 3 | K8: 4 | L8: 3 | M8: 4 | N8: 3 | O8: =SUMIF('4.16'!C8:C15,B8,'4.16'!H8:H17) -> 4 | P8: =SUMIF('4.20'!$C$3:C15,B8,'4.20'!$H$3:H17) -> 3 | Q8: =SUMIF('4.23'!$C$3:D15,B8,'4.23'!$H$3:I17) -> 4 | R8: =SUMIF('4.27'!$C$3:E15,B8,'4.27'!$H$3:J17) -> 3 | S8: =SUMIF('4.30'!$C$3:F15,B8,'4.30'!$H$3:K17) -> 4 | V8: =SUM(D8:U8) -> 56 | W8: =100-V8 -> 44
A9: 7 | B9: 李兰芳 | C9: 100 | D9: 3 | E9: 4 | F9: 3 | G9: 4 | H9: 3 | I9: 4 | J9: 3 | K9: 4 | L9: 3 | M9: 4 | N9: 3 | O9: =SUMIF('4.16'!C9:C16,B9,'4.16'!H9:H18) -> 4 | P9: =SUMIF('4.20'!$C$3:C16,B9,'4.20'!$H$3:H18) -> 3 | Q9: =SUMIF('4.23'!$C$3:D16,B9,'4.23'!$H$3:I18) -> 4 | R9: =SUMIF('4.27'!$C$3:E16,B9,'4.27'!$H$3:J18) -> 3 | S9: =SUMIF('4.30'!$C$3:F16,B9,'4.30'!$H$3:K18) -> 4 | V9: =SUM(D9:U9) -> 56 | W9: =130-V9 -> 74
A10: 8 | B10: 赖秋红 | C10: 100 | D10: 3 | E10: 4 | F10: 3 | G10: 4 | H10: 3 | I10: 4 | J10: 3 | K10: 4 | L10: 3 | M10: 4 | N10: 3 | O10: =SUMIF('4.16'!C10:C17,B10,'4.16'!H10:H19) -> 4 | P10: =SUMIF('4.20'!$C$3:C17,B10,'4.20'!$H$3:H19) -> 3 | Q10: =SUMIF('4.23'!$C$3:D17,B10,'4.23'!$H$3:I19) -> 4 | R10: =SUMIF('4.27'!$C$3:E17,B10,'4.27'!$H$3:J19) -> 3 | S10: =SUMIF('4.30'!$C$3:F17,B10,'4.30'!$H$3:K19) -> 4 | V10: =SUM(D10:U10) -> 56 | W10: =130-V10 -> 74
A11: 9 | B11: 黄位祺学生 | C11: 100 | D11: 3 | E11: 2 | F11: 3 | G11: 2 | H11: 3 | I11: 2 | J11: 3 | K11: 2 | L11: 3 | M11: 2 | N11: 3 | O11: ='4.16'!P8 -> 2 | P11: ='4.20'!P8 -> 3 | Q11: ='4.23'!P8 -> 2 | R11: ='4.27'!P8 -> 3 | S11: ='4.30'!P8 -> 2 | V11: =SUM(D11:U11) -> 40 | W11: =100-V11 -> 60
A12: 10 | B12: 王紫妍学生 | C12: 15 | D12: 3 | E12: 2 | F12: 3 | G12: 2 | H12: 3 | I12: 2 | J12: 3 | K12: 发完 | V12: =SUM(D12:U12) -> 18
A13: 11 | B13: 张宥伦学生 | C13: 100 | D13: 3 | E13: 2 | F13: 已退订，费用已扣除 | V13: =SUM(D13:U13) -> 5
A14: 12
A15: 13 | D15: =SUM(D3:D13) -> 33 | E15: =SUM(E3:E13) -> 38 | F15: =SUM(F3:F13) -> 30 | G15: =SUM(G3:G13) -> 36 | H15: =SUM(H3:H13) -> 30 | I15: =SUM(I3:I13) -> 36 | J15: =SUM(J3:J13) -> 30 | K15: =SUM(K3:K13) -> 34 | ... U15: =SUM(U3:U13) -> 0 | V15: =SUM(D15:U15) -> 511
A16: 14
A17: 15
A18: 16
A19: 17
A20: 18
A21: 19
A22: 20
A23: 21
A24: 22
A25: 23
A26: 24
A27: 25
... A33: 31

Sheet 3.9
A1: 石灰铺中心幼儿园教师鲜奶领奶表 | I1: 石灰铺中心幼儿园学生鲜奶领奶表
A2: 序号 | B2: 配送日期 | C2: 职工姓名 | D2: 配送天数 | E2: 鲜 | F2: 酸 | G2: 备注 | I2: 序号 | J2: 配送日期 | K2: 职工姓名 | L2: 配送天数 | M2: 鲜 | N2: 酸 | O2: 备注
A3: 1 | B3: 46090 | C3: 刘秋菊 | D3: 3天 | E3: 3 | I3: 1 | J3: 46090 | K3: 张宥伦 | L3: 3天 | M3: 2 | N3: 1
A4: 2 | B4: 46090 | C4: 梁光亮 | D4: 3天 | F4: 3 | I4: 2 | J4: 46090 | K4: 黄位祺 | L4: 3天 | M4: 2 | N4: 1
A5: 3 | B5: 46090 | C5: 蓝蝶 | D5: 3天 | E5: 2 | F5: 1 | I5: 3 | J5: 46090 | K5: 王紫妍 | L5: 3天 | M5: 3
A6: 4 | B6: 46090 | C6: 刘翠萍 | D6: 3天 | E6: 3
A7: 5 | B7: 46090 | C7: 管春怡 | D7: 3天 | E7: 3
A8: 6 | B8: 46090 | C8: 吴三娣 | D8: 3天 | E8: 3 | M8: =SUM(M3:M7) -> 7 | N8: =SUM(N3:N7) -> 2
A9: 7 | B9: 46090 | C9: 李兰芳 | D9: 3天 | F9: 3
A10: 8 | B10: 46090 | C10: 赖秋红 | D10: 3天 | F10: 3
E13: =SUM(E3:E12) -> 14 | F13: =SUM(F3:F12) -> 10

Sheet 3.12
A1: 石灰铺中心幼儿园教师鲜奶领奶表 | I1: 石灰铺中心幼儿园学生鲜奶领奶表
A2: 序号 | B2: 配送日期 | C2: 职工姓名 | D2: 配送天数 | E2: 鲜 | F2: 酸 | G2: 备注 | I2: 序号 | J2: 配送日期 | K2: 职工姓名 | L2: 配送天数 | M2: 鲜 | N2: 酸 | O2: 备注
A3: 1 | B3: 46093 | C3: 刘秋菊 | D3: 4天 | E3: 4 | I3: 1 | J3: 46093 | K3: 张宥伦 | L3: 2天 | M3: 1 | N3: 1
A4: 2 | B4: 46093 | C4: 梁光亮 | D4: 4天 | F4: 4 | I4: 2 | J4: 46093 | K4: 黄位祺 | L4: 2天 | M4: 1 | N4: 1
A5: 3 | B5: 46093 | C5: 蓝蝶 | D5: 4天 | E5: 2 | F5: 2 | I5: 3 | J5: 46093 | K5: 王紫妍 | L5: 2天 | M5: 2
A6: 4 | B6: 46093 | C6: 刘翠萍 | D6: 4天 | E6: 4
A7: 5 | B7: 46093 | C7: 管春怡 | D7: 4天 | E7: 4
A8: 6 | B8: 46093 | C8: 吴三娣 | D8: 4天 | E8: 4 | M8: =SUM(M3:M7) -> 4 | N8: =SUM(N3:N7) -> 2
A9: 7 | B9: 46093 | C9: 李兰芳 | D9: 4天 | F9: 4
A10: 8 | B10: 46090 | C10: 赖秋红 | D10: 4天 | F10: 4
E13: =SUM(E3:E12) -> 18 | F13: =SUM(F3:F12) -> 14

Sheet 3.16
A1: 石灰铺中心幼儿园教师鲜奶领奶表 | I1: 石灰铺中心幼儿园学生鲜奶领奶表
A2: 序号 | B2: 配送日期 | C2: 职工姓名 | D2: 配送天数 | E2: 鲜 | F2: 酸 | G2: 备注 | I2: 序号 | J2: 配送日期 | K2: 职工姓名 | L2: 配送天数 | M2: 鲜 | N2: 酸 | O2: 备注
A3: 1 | B3: 46097 | C3: 刘秋菊 | D3: 3天 | E3: 3 | I3: 1 | J3: 46097 | K3: 张宥伦 | L3: 3天 | M3: 2 | N3: 1
A4: 2 | B4: 46097 | C4: 梁光亮 | D4: 3天 | F4: 3 | I4: 2 | J4: 46097 | K4: 黄位祺 | L4: 3天 | M4: 2 | N4: 1
A5: 3 | B5: 46097 | C5: 蓝蝶 | D5: 3天 | E5: 2 | F5: 1 | I5: 3 | J5: 46097 | K5: 王紫妍 | L5: 3天 | M5: 3
A6: 4 | B6: 46097 | C6: 刘翠萍 | D6: 3天 | E6: 3
A7: 5 | B7: 46097 | C7: 管春怡 | D7: 3天 | E7: 3
A8: 6 | B8: 46097 | C8: 吴三娣 | D8: 3天 | E8: 3 | M8: =SUM(M3:M7) -> 7 | N8: =SUM(N3:N7) -> 2
A9: 7 | B9: 46097 | C9: 李兰芳 | D9: 3天 | F9: 3
A10: 8 | B10: 46097 | C10: 赖秋红 | D10: 3天 | F10: 3
E13: =SUM(E3:E12) -> 14 | F13: =SUM(F3:F12) -> 10

Sheet 3.19
A1: 石灰铺中心幼儿园教师鲜奶领奶表 | I1: 石灰铺中心幼儿园学生鲜奶领奶表
A2: 序号 | B2: 配送日期 | C2: 职工姓名 | D2: 配送天数 | E2: 鲜 | F2: 酸 | G2: 备注 | I2: 序号 | J2: 配送日期 | K2: 职工姓名 | L2: 配送天数 | M2: 鲜 | N2: 酸 | O2: 备注
A3: 1 | B3: 46100 | C3: 刘秋菊 | D3: 4天 | E3: 4 | I3: 1 | J3: 46100 | K3: 黄位祺 | L3: 2天 | M3: 1 | N3: 1
A4: 2 | B4: 46100 | C4: 梁光亮 | D4: 4天 | F4: 4 | I4: 2 | J4: 46100 | K4: 王紫妍 | L4: 2天 | M4: 2
A5: 3 | B5: 46100 | C5: 蓝蝶 | D5: 4天 | E5: 2 | F5: 2
A6: 4 | B6: 46100 | C6: 刘翠萍 | D6: 4天 | E6: 4
A7: 5 | B7: 46100 | C7: 管春怡 | D7: 4天 | E7: 4
A8: 6 | B8: 46100 | C8: 吴三娣 | D8: 4天 | E8: 4 | M8: =SUM(M3:M7) -> 3 | N8: =SUM(N3:N7) -> 1
A9: 7 | B9: 46100 | C9: 李兰芳 | D9: 4天 | F9: 4
A10: 8 | B10: 46100 | C10: 赖秋红 | D10: 4天 | F10: 4
E13: =SUM(E3:E12) -> 18 | F13: =SUM(F3:F12) -> 14

Sheet 3.23
A1: 石灰铺中心幼儿园教师鲜奶领奶表 | I1: 石灰铺中心幼儿园学生鲜奶领奶表
A2: 序号 | B2: 配送日期 | C2: 职工姓名 | D2: 配送天数 | E2: 鲜 | F2: 酸 | G2: 备注 | I2: 序号 | J2: 配送日期 | K2: 职工姓名 | L2: 配送天数 | M2: 鲜 | N2: 酸 | O2: 备注
A3: 1 | B3: 46104 | C3: 刘秋菊 | D3: 3天 | E3: 3 | I3: 1 | J3: 46104 | K3: 黄位祺 | L3: 3天 | M3: 2 | N3: 1
A4: 2 | B4: 46104 | C4: 梁光亮 | D4: 3天 | F4: 3 | I4: 2 | J4: 46104 | K4: 王紫妍 | L4: 3天 | M4: 3
A5: 3 | B5: 46104 | C5: 蓝蝶 | D5: 3天 | E5: 2 | F5: 1
A6: 4 | B6: 46104 | C6: 刘翠萍 | D6: 3天 | E6: 3
A7: 5 | B7: 46104 | C7: 管春怡 | D7: 3天 | E7: 3
A8: 6 | B8: 46104 | C8: 吴三娣 | D8: 3天 | E8: 3 | M8: =SUM(M3:M7) -> 5 | N8: =SUM(N3:N7) -> 1
A9: 7 | B9: 46104 | C9: 李兰芳 | D9: 3天 | F9: 3
A10: 8 | B10: 46104 | C10: 赖秋红 | D10: 3天 | F10: 3
E13: =SUM(E3:E12) -> 14 | F13: =SUM(F3:F12) -> 10

Sheet 3.26
A1: 石灰铺中心幼儿园教师鲜奶领奶表 | I1: 石灰铺中心幼儿园学生鲜奶领奶表
A2: 序号 | B2: 配送日期 | C2: 职工姓名 | D2: 配送天数 | E2: 鲜 | F2: 酸 | G2: 备注 | I2: 序号 | J2: 配送日期 | K2: 职工姓名 | L2: 配送天数 | M2: 鲜 | N2: 酸 | O2: 备注
A3: 1 | B3: 46107 | C3: 刘秋菊 | D3: 4天 | E3: 4 | I3: 1 | J3: 46107 | K3: 黄位祺 | L3: 2天 | M3: 1 | N3: 1
A4: 2 | B4: 46107 | C4: 梁光亮 | D4: 4天 | F4: 4 | I4: 2 | J4: 46107 | K4: 王紫妍 | L4: 2天 | M4: 2
A5: 3 | B5: 46107 | C5: 蓝蝶 | D5: 4天 | E5: 2 | F5: 2
A6: 4 | B6: 46107 | C6: 刘翠萍 | D6: 4天 | E6: 4
A7: 5 | B7: 46107 | C7: 管春怡 | D7: 4天 | E7: 4
A8: 6 | B8: 46107 | C8: 吴三娣 | D8: 4天 | E8: 4 | M8: =SUM(M3:M7) -> 3 | N8: =SUM(N3:N7) -> 1
A9: 7 | B9: 46107 | C9: 李兰芳 | D9: 4天 | F9: 4
A10: 8 | B10: 46107 | C10: 赖秋红 | D10: 4天 | F10: 4
E13: =SUM(E3:E12) -> 18 | F13: =SUM(F3:F12) -> 14

Sheet 3.30
A1: 石灰铺中心幼儿园教师鲜奶领奶表 | I1: 石灰铺中心幼儿园学生鲜奶领奶表
A2: 序号 | B2: 配送日期 | C2: 职工姓名 | D2: 配送天数 | E2: 鲜 | F2: 酸 | G2: 备注 | I2: 序号 | J2: 配送日期 | K2: 职工姓名 | L2: 配送天数 | M2: 鲜 | N2: 酸 | O2: 备注
A3: 1 | B3: 46111 | C3: 刘秋菊 | D3: 3天 | E3: 3 | I3: 1 | J3: 46111 | K3: 黄位祺 | L3: 3天 | M3: 2 | N3: 1
A4: 2 | B4: 46111 | C4: 梁光亮 | D4: 3天 | F4: 3 | I4: 2 | J4: 46111 | K4: 王紫妍 | L4: 3天 | M4: 3 | O4: 剩余15支已全部发完
A5: 3 | B5: 46111 | C5: 蓝蝶 | D5: 3天 | E5: 2 | F5: 1
A6: 4 | B6: 46111 | C6: 刘翠萍 | D6: 3天 | E6: 3
A7: 5 | B7: 46111 | C7: 管春怡 | D7: 3天 | E7: 3
A8: 6 | B8: 46111 | C8: 吴三娣 | D8: 3天 | E8: 3 | M8: =SUM(M3:M7) -> 5 | N8: =SUM(N3:N7) -> 1
A9: 7 | B9: 46111 | C9: 李兰芳 | D9: 3天 | F9: 3
A10: 8 | B10: 46111 | C10: 赖秋红 | D10: 3天 | F10: 3
E13: =SUM(E3:E12) -> 14 | F13: =SUM(F3:F12) -> 10

Sheet 4.2
A1: 石灰铺中心幼儿园教师鲜奶领奶表 | I1: 石灰铺中心幼儿园学生鲜奶领奶表
A2: 序号 | B2: 配送日期 | C2: 职工姓名 | D2: 配送天数 | E2: 鲜 | F2: 酸 | G2: 备注 | I2: 序号 | J2: 配送日期 | K2: 职工姓名 | L2: 配送天数 | M2: 鲜 | N2: 酸 | O2: 备注
A3: 1 | B3: 46114 | C3: 刘秋菊 | D3: 4天 | E3: 4 | I3: 1 | J3: 46114 | K3: 黄位祺 | L3: 2天 | M3: 1 | N3: 1
A4: 2 | B4: 46114 | C4: 梁光亮 | D4: 4天 | F4: 4
A5: 3 | B5: 46114 | C5: 蓝蝶 | D5: 4天 | E5: 2 | F5: 2
A6: 4 | B6: 46114 | C6: 刘翠萍 | D6: 4天 | E6: 4
A7: 5 | B7: 46114 | C7: 管春怡 | D7: 4天 | E7: 4
A8: 6 | B8: 46114 | C8: 吴三娣 | D8: 4天 | E8: 4 | M8: =SUM(M3:M7) -> 1 | N8: =SUM(N3:N7) -> 1
A9: 7 | B9: 46114 | C9: 李兰芳 | D9: 4天 | F9: 4
A10: 8 | B10: 46114 | C10: 赖秋红 | D10: 4天 | F10: 4
E13: =SUM(E3:E12) -> 18 | F13: =SUM(F3:F12) -> 14

Sheet 4.7
A1: 石灰铺中心幼儿园教师鲜奶领奶表 | I1: 石灰铺中心幼儿园学生鲜奶领奶表
A2: 序号 | B2: 配送日期 | C2: 职工姓名 | D2: 配送天数 | E2: 鲜 | F2: 酸 | G2: 备注 | I2: 序号 | J2: 配送日期 | K2: 职工姓名 | L2: 配送天数 | M2: 鲜 | N2: 酸 | O2: 备注
A3: 1 | B3: 46119 | C3: 刘秋菊 | D3: 3天 | E3: 3 | I3: 1 | J3: 46119 | K3: 黄位祺 | L3: 3天 | M3: 2 | N3: 1
A4: 2 | B4: 46119 | C4: 梁光亮 | D4: 3天 | F4: 3
A5: 3 | B5: 46119 | C5: 蓝蝶 | D5: 3天 | E5: 2 | F5: 1
A6: 4 | B6: 46119 | C6: 刘翠萍 | D6: 3天 | E6: 3
A7: 5 | B7: 46119 | C7: 管春怡 | D7: 3天 | E7: 3
A8: 6 | B8: 46119 | C8: 吴三娣 | D8: 3天 | E8: 3 | M8: =SUM(M3:M7) -> 2 | N8: =SUM(N3:N7) -> 1
A9: 7 | B9: 46119 | C9: 李兰芳 | D9: 3天 | F9: 3
A10: 8 | B10: 46119 | C10: 赖秋红 | D10: 3天 | F10: 3
E13: =SUM(E3:E12) -> 14 | F13: =SUM(F3:F12) -> 10

Sheet 4.9
A1: 石灰铺中心幼儿园教师鲜奶领奶表 | I1: 石灰铺中心幼儿园学生鲜奶领奶表
A2: 序号 | B2: 配送日期 | C2: 职工姓名 | D2: 配送天数 | E2: 鲜 | F2: 酸 | G2: 备注 | I2: 序号 | J2: 配送日期 | K2: 职工姓名 | L2: 配送天数 | M2: 鲜 | N2: 酸 | O2: 备注
A3: 1 | B3: 46121 | C3: 刘秋菊 | D3: 4天 | E3: 4 | I3: 1 | J3: 46121 | K3: 黄位祺 | L3: 2天 | M3: 1 | N3: 1
A4: 2 | B4: 46121 | C4: 梁光亮 | D4: 4天 | F4: 4
A5: 3 | B5: 46121 | C5: 蓝蝶 | D5: 4天 | E5: 2 | F5: 2
A6: 4 | B6: 46121 | C6: 刘翠萍 | D6: 4天 | E6: 4
A7: 5 | B7: 46121 | C7: 管春怡 | D7: 4天 | E7: 4
A8: 6 | B8: 46121 | C8: 吴三娣 | D8: 4天 | E8: 4 | M8: =SUM(M3:M7) -> 1 | N8: =SUM(N3:N7) -> 1
A9: 7 | B9: 46121 | C9: 李兰芳 | D9: 4天 | F9: 4
A10: 8 | B10: 46121 | C10: 赖秋红 | D10: 4天 | F10: 4
E13: =SUM(E3:E12) -> 18 | F13: =SUM(F3:F12) -> 14

Sheet 4.13
A1: 石灰铺中心幼儿园教师鲜奶领奶表 | I1: 石灰铺中心幼儿园学生鲜奶领奶表
A2: 序号 | B2: 配送日期 | C2: 职工姓名 | D2: 配送天数 | E2: 鲜 | F2: 酸 | G2: 备注 | I2: 序号 | J2: 配送日期 | K2: 职工姓名 | L2: 配送天数 | M2: 鲜 | N2: 酸 | O2: 备注
A3: 1 | B3: 46125 | C3: 刘秋菊 | D3: 3天 | E3: 3 | I3: 1 | J3: 46125 | K3: 黄位祺 | L3: 3天 | M3: 2 | N3: 1
A4: 2 | B4: 46125 | C4: 梁光亮 | D4: 3天 | F4: 3
A5: 3 | B5: 46125 | C5: 蓝蝶 | D5: 3天 | E5: 2 | F5: 1
A6: 4 | B6: 46125 | C6: 刘翠萍 | D6: 3天 | E6: 3
A7: 5 | B7: 46125 | C7: 管春怡 | D7: 3天 | E7: 3
A8: 6 | B8: 46125 | C8: 吴三娣 | D8: 3天 | E8: 3 | M8: =SUM(M3:M7) -> 2 | N8: =SUM(N3:N7) -> 1
A9: 7 | B9: 46125 | C9: 李兰芳 | D9: 3天 | F9: 3
A10: 8 | B10: 46125 | C10: 赖秋红 | D10: 3天 | F10: 3
E13: =SUM(E3:E12) -> 14 | F13: =SUM(F3:F12) -> 10

Sheet 4.16
A1: 石灰铺中心幼儿园教师鲜奶领奶表 | I1: 石灰铺中心幼儿园学生鲜奶领奶表
A2: 序号 | B2: 配送日期 | C2: 职工姓名 | D2: 配送天数 | E2: 鲜 | F2: 酸 | G2: 备注 | I2: 序号 | J2: 配送日期 | K2: 职工姓名 | L2: 配送天数 | M2: 鲜 | N2: 酸 | O2: 备注
A3: 1 | B3: 46128 | C3: 刘秋菊 | D3: 4天 | E3: 4 | H3: =E3+F3 -> 4 | I3: 1 | J3: 46128 | K3: 黄位祺 | L3: 2天 | M3: 1 | N3: 1 | P3: =M3+N3 -> 2
A4: 2 | B4: 46128 | C4: 梁光亮 | D4: 4天 | F4: 4 | H4: =E4+F4 -> 4 | P4: =M4+N4 -> 0
A5: 3 | B5: 46128 | C5: 蓝蝶 | D5: 4天 | E5: 2 | F5: 2 | H5: =E5+F5 -> 4 | P5: =M5+N5 -> 0
A6: 4 | B6: 46128 | C6: 刘翠萍 | D6: 4天 | E6: 4 | H6: =E6+F6 -> 4 | P6: =M6+N6 -> 0
A7: 5 | B7: 46128 | C7: 管春怡 | D7: 4天 | E7: 4 | H7: =E7+F7 -> 4 | P7: =M7+N7 -> 0
A8: 6 | B8: 46128 | C8: 吴三娣 | D8: 4天 | E8: 4 | H8: =E8+F8 -> 4 | M8: =SUM(M3:M7) -> 1 | N8: =SUM(N3:N7) -> 1 | P8: =M8+N8 -> 2
A9: 7 | B9: 46128 | C9: 李兰芳 | D9: 4天 | F9: 4 | H9: =E9+F9 -> 4
A10: 8 | B10: 46128 | C10: 赖秋红 | D10: 4天 | F10: 4 | H10: =E10+F10 -> 4
H11: =E11+F11 -> 0
H12: =E12+F12 -> 0
E13: =SUM(E3:E12) -> 18 | F13: =SUM(F3:F12) -> 14 | H13: =E13+F13 -> 32

Sheet 4.20
A1: 石灰铺中心幼儿园教师鲜奶领奶表 | I1: 石灰铺中心幼儿园学生鲜奶领奶表
A2: 序号 | B2: 配送日期 | C2: 职工姓名 | D2: 配送天数 | E2: 鲜 | F2: 酸 | G2: 备注 | I2: 序号 | J2: 配送日期 | K2: 职工姓名 | L2: 配送天数 | M2: 鲜 | N2: 酸 | O2: 备注
A3: 1 | B3: 46132 | C3: 刘秋菊 | D3: 3天 | E3: 3 | H3: =E3+F3 -> 3 | I3: 1 | J3: 46132 | K3: 黄位祺 | L3: 3天 | M3: 2 | N3: 1 | P3: =M3+N3 -> 3
A4: 2 | B4: 46132 | C4: 梁光亮 | D4: 3天 | F4: 3 | H4: =E4+F4 -> 3 | P4: =M4+N4 -> 0
A5: 3 | B5: 46132 | C5: 蓝蝶 | D5: 3天 | E5: 2 | F5: 1 | H5: =E5+F5 -> 3 | P5: =M5+N5 -> 0
A6: 4 | B6: 46132 | C6: 刘翠萍 | D6: 3天 | E6: 3 | H6: =E6+F6 -> 3 | P6: =M6+N6 -> 0
A7: 5 | B7: 46132 | C7: 管春怡 | D7: 3天 | E7: 3 | H7: =E7+F7 -> 3 | P7: =M7+N7 -> 0
A8: 6 | B8: 46132 | C8: 吴三娣 | D8: 3天 | E8: 3 | H8: =E8+F8 -> 3 | M8: =SUM(M3:M7) -> 2 | N8: =SUM(N3:N7) -> 1 | P8: =M8+N8 -> 3
A9: 7 | B9: 46132 | C9: 李兰芳 | D9: 3天 | F9: 3 | H9: =E9+F9 -> 3
A10: 8 | B10: 46132 | C10: 赖秋红 | D10: 3天 | F10: 3 | H10: =E10+F10 -> 3
H11: =E11+F11 -> 0
H12: =E12+F12 -> 0
E13: =SUM(E3:E12) -> 14 | F13: =SUM(F3:F12) -> 10 | H13: =E13+F13 -> 24

Sheet 4.23
A1: 石灰铺中心幼儿园教师鲜奶领奶表 | I1: 石灰铺中心幼儿园学生鲜奶领奶表
A2: 序号 | B2: 配送日期 | C2: 职工姓名 | D2: 配送天数 | E2: 鲜 | F2: 酸 | G2: 备注 | I2: 序号 | J2: 配送日期 | K2: 职工姓名 | L2: 配送天数 | M2: 鲜 | N2: 酸 | O2: 备注
A3: 1 | B3: 46135 | C3: 刘秋菊 | D3: 4天 | E3: 4 | H3: =E3+F3 -> 4 | I3: 1 | J3: 46135 | K3: 黄位祺 | L3: 2天 | M3: 1 | N3: 1 | P3: =M3+N3 -> 2
A4: 2 | B4: 46135 | C4: 梁光亮 | D4: 4天 | F4: 4 | H4: =E4+F4 -> 4 | P4: =M4+N4 -> 0
A5: 3 | B5: 46135 | C5: 蓝蝶 | D5: 4天 | E5: 2 | F5: 2 | H5: =E5+F5 -> 4 | P5: =M5+N5 -> 0
A6: 4 | B6: 46135 | C6: 刘翠萍 | D6: 4天 | E6: 4 | H6: =E6+F6 -> 4 | P6: =M6+N6 -> 0
A7: 5 | B7: 46135 | C7: 管春怡 | D7: 4天 | E7: 4 | H7: =E7+F7 -> 4 | P7: =M7+N7 -> 0
A8: 6 | B8: 46135 | C8: 吴三娣 | D8: 4天 | E8: 4 | H8: =E8+F8 -> 4 | M8: =SUM(M3:M7) -> 1 | N8: =SUM(N3:N7) -> 1 | P8: =M8+N8 -> 2
A9: 7 | B9: 46135 | C9: 李兰芳 | D9: 4天 | F9: 4 | H9: =E9+F9 -> 4
A10: 8 | B10: 46135 | C10: 赖秋红 | D10: 4天 | F10: 4 | H10: =E10+F10 -> 4
H11: =E11+F11 -> 0
H12: =E12+F12 -> 0
E13: =SUM(E3:E12) -> 18 | F13: =SUM(F3:F12) -> 14 | H13: =E13+F13 -> 32

Sheet 4.27
A1: 石灰铺中心幼儿园教师鲜奶领奶表 | I1: 石灰铺中心幼儿园学生鲜奶领奶表
A2: 序号 | B2: 配送日期 | C2: 职工姓名 | D2: 配送天数 | E2: 鲜 | F2: 酸 | G2: 备注 | I2: 序号 | J2: 配送日期 | K2: 职工姓名 | L2: 配送天数 | M2: 鲜 | N2: 酸 | O2: 备注
A3: 1 | B3: 46139 | C3: 刘秋菊 | D3: 3天 | E3: 3 | H3: =E3+F3 -> 3 | I3: 1 | J3: 46139 | K3: 黄位祺 | L3: 3天 | M3: 2 | N3: 1 | P3: =M3+N3 -> 3
A4: 2 | B4: 46139 | C4: 梁光亮 | D4: 3天 | F4: 3 | H4: =E4+F4 -> 3 | P4: =M4+N4 -> 0
A5: 3 | B5: 46139 | C5: 蓝蝶 | D5: 3天 | E5: 2 | F5: 1 | H5: =E5+F5 -> 3 | P5: =M5+N5 -> 0
A6: 4 | B6: 46139 | C6: 刘翠萍 | D6: 3天 | E6: 3 | H6: =E6+F6 -> 3 | P6: =M6+N6 -> 0
A7: 5 | B7: 46139 | C7: 管春怡 | D7: 3天 | E7: 3 | H7: =E7+F7 -> 3 | P7: =M7+N7 -> 0
A8: 6 | B8: 46139 | C8: 吴三娣 | D8: 3天 | E8: 3 | H8: =E8+F8 -> 3 | M8: =SUM(M3:M7) -> 2 | N8: =SUM(N3:N7) -> 1 | P8: =M8+N8 -> 3
A9: 7 | B9: 46139 | C9: 李兰芳 | D9: 3天 | F9: 3 | H9: =E9+F9 -> 3
A10: 8 | B10: 46139 | C10: 赖秋红 | D10: 3天 | F10: 3 | H10: =E10+F10 -> 3
H11: =E11+F11 -> 0
H12: =E12+F12 -> 0
E13: =SUM(E3:E12) -> 14 | F13: =SUM(F3:F12) -> 10 | H13: =E13+F13 -> 24

Sheet 4.30
A1: 石灰铺中心幼儿园教师鲜奶领奶表 | I1: 石灰铺中心幼儿园学生鲜奶领奶表
A2: 序号 | B2: 配送日期 | C2: 职工姓名 | D2: 配送天数 | E2: 鲜 | F2: 酸 | G2: 备注 | I2: 序号 | J2: 配送日期 | K2: 职工姓名 | L2: 配送天数 | M2: 鲜 | N2: 酸 | O2: 备注
A3: 1 | B3: 46142 | C3: 刘秋菊 | D3: 4天 | E3: 4 | H3: =E3+F3 -> 4 | I3: 1 | J3: 46142 | K3: 黄位祺 | L3: 2天 | M3: 1 | N3: 1 | P3: =M3+N3 -> 2
A4: 2 | B4: 46142 | C4: 梁光亮 | D4: 4天 | F4: 4 | H4: =E4+F4 -> 4 | P4: =M4+N4 -> 0
A5: 3 | B5: 46142 | C5: 蓝蝶 | D5: 4天 | E5: 2 | F5: 2 | H5: =E5+F5 -> 4 | P5: =M5+N5 -> 0
A6: 4 | B6: 46142 | C6: 刘翠萍 | D6: 4天 | E6: 4 | H6: =E6+F6 -> 4 | P6: =M6+N6 -> 0
A7: 5 | B7: 46142 | C7: 管春怡 | D7: 4天 | E7: 4 | H7: =E7+F7 -> 4 | P7: =M7+N7 -> 0
A8: 6 | B8: 46142 | C8: 吴三娣 | D8: 4天 | E8: 4 | H8: =E8+F8 -> 4 | M8: =SUM(M3:M7) -> 1 | N8: =SUM(N3:N7) -> 1 | P8: =M8+N8 -> 2
A9: 7 | B9: 46142 | C9: 李兰芳 | D9: 4天 | F9: 4 | H9: =E9+F9 -> 4
A10: 8 | B10: 46142 | C10: 赖秋红 | D10: 4天 | F10: 4 | H10: =E10+F10 -> 4
H11: =E11+F11 -> 0
H12: =E12+F12 -> 0
E13: =SUM(E3:E12) -> 18 | F13: =SUM(F3:F12) -> 14 | H13: =E13+F13 -> 32
